T3600 000:002.427   SEGGER J-Link V9.14a Log File
T3600 000:002.700   DLL Compiled: Jan 28 2026 17:11:52
T3600 000:002.710   Logging started @ 2026-07-18 09:27
T3600 000:002.719   Process: C:\Users\11327\.eclipse\com.renesas.platform_583169726\DebugComp\RA\e2-server-gdb.exe
T3600 000:002.738 - 2.731ms 
T3600 000:002.765 JLINK_GetDLLVersion()
T3600 000:002.774 - 0.011ms returns 91401
T3600 000:006.657 JLINK_OpenEx(...)
T3600 000:011.364   Looking for J-Link GUI Server exe at: C:\Users\11327\.eclipse\com.renesas.platform_583169726\DebugComp\RA\ARM\Segger_v9.14.1\JLinkGUIServer.exe
T3600 000:011.590   Looking for J-Link GUI Server exe at: C:\Program Files\SEGGER\JLink_V940\JLinkGUIServer.exe
T3600 000:011.659   Forking J-Link GUI Server: C:\Program Files\SEGGER\JLink_V940\JLinkGUIServer.exe
T3600 000:051.752   J-Link GUI Server info: "J-Link GUI server V9.40 "
T3600 020:290.172 - 20283.514ms returns "Failed to open DLL"
T3600 020:290.540 JLINK_OpenEx(...)
T3600 020:300.034   Firmware: J-Link OB-RA4M2 compiled Dec 10 2025 15:52:53
T3600 020:301.258   Firmware: J-Link OB-RA4M2 compiled Dec 10 2025 15:52:53
T3600 020:316.320   Hardware: V1.00
T3600 020:316.374   S/N: 1085741730
T3600 020:316.412   OEM: SEGGER
T3600 020:316.430   Feature(s): None
T3600 020:317.362   Bootloader: 2021 May 14
T3600 020:318.070   USB speed mode: Full speed (12 MBit/s)
T3600 020:318.668   TELNET listener socket opened on port 19021
T3600 020:318.982   WEBSRV WEBSRV_Init(): Starting webserver thread(s)
T3600 020:319.214   WEBSRV Webserver running on local port 19080
T3600 020:319.508   Looking for J-Link GUI Server exe at: C:\Users\11327\.eclipse\com.renesas.platform_583169726\DebugComp\RA\ARM\Segger_v9.14.1\JLinkGUIServer.exe
T3600 020:319.828   Looking for J-Link GUI Server exe at: C:\Program Files\SEGGER\JLink_V940\JLinkGUIServer.exe
T3600 020:319.932   Forking J-Link GUI Server: C:\Program Files\SEGGER\JLink_V940\JLinkGUIServer.exe
T3600 020:324.566   J-Link GUI Server info: "J-Link GUI server V9.40 "
T3600 020:328.358 - 37.811ms returns "O.K."
T3600 020:328.896 JLINK_ExecCommand("ProjectFile=D:\hardwares\ra8p1_cbb/ra8p1_cbb Debug_Flat.jlink", ...). 
T3600 020:374.156 - 45.265ms returns 0x00
T3600 020:375.718 JLINK_ExecCommand("device=R7KA8P1KF_CPU0", ...). 
T3600 020:378.376   Flash bank @ 0x02000000: SFL: Parsing sectorization info from ELF file
T3600 020:378.456     FlashDevice.SectorInfo[0]: .SectorSize = 0x00000800, .SectorStartAddr = 0x00000000
T3600 020:378.496   FlashBank @0x02000000: Sectorization info from SFL ELF file ignored because sectorization override from DLL / XML file is active.
T3600 020:379.430   Flash bank @ 0x02E07400: SFL: Parsing sectorization info from ELF file
T3600 020:379.482     FlashDevice.SectorInfo[0]: .SectorSize = 0x00000010, .SectorStartAddr = 0x00000000
T3600 020:379.516   FlashBank @0x02C9F020: Sectorization info from SFL ELF file ignored because sectorization override from DLL / XML file is active.
T3600 020:379.592   Flash bank @ 0x02E07400: SFL: Parsing sectorization info from ELF file
T3600 020:379.628     FlashDevice.SectorInfo[0]: .SectorSize = 0x00000010, .SectorStartAddr = 0x00000000
T3600 020:379.660   FlashBank @0x02E07400: Sectorization info from SFL ELF file ignored because sectorization override from DLL / XML file is active.
T3600 020:379.728   Flash bank @ 0x12000000: SFL: Parsing sectorization info from ELF file
T3600 020:379.770     FlashDevice.SectorInfo[0]: .SectorSize = 0x00000800, .SectorStartAddr = 0x00000000
T3600 020:379.788   FlashBank @0x12000000: Sectorization info from SFL ELF file ignored because sectorization override from DLL / XML file is active.
T3600 020:380.656   Flash bank @ 0x12E07400: SFL: Parsing sectorization info from ELF file
T3600 020:380.720     FlashDevice.SectorInfo[0]: .SectorSize = 0x00000010, .SectorStartAddr = 0x00000000
T3600 020:380.740   FlashBank @0x12C9F4C0: Sectorization info from SFL ELF file ignored because sectorization override from DLL / XML file is active.
T3600 020:380.832   Flash bank @ 0x12E07400: SFL: Parsing sectorization info from ELF file
T3600 020:380.982     FlashDevice.SectorInfo[0]: .SectorSize = 0x00000010, .SectorStartAddr = 0x00000000
T3600 020:381.004   FlashBank @0x12E07780: Sectorization info from SFL ELF file ignored because sectorization override from DLL / XML file is active.
T3600 020:381.230   Flash bank @ 0x70000000: SFL: Parsing sectorization info from ELF file
T3600 020:381.274     FlashDevice.SectorInfo[0]: .SectorSize = 0x00010000, .SectorStartAddr = 0x00000000
T3600 020:395.604   Flash bank @ 0x78000000: SFL: Parsing sectorization info from ELF file
T3600 020:395.654     FlashDevice.SectorInfo[0]: .SectorSize = 0x00010000, .SectorStartAddr = 0x00000000
T3600 020:408.818   Flash bank @ 0x80000000: SFL: Parsing sectorization info from ELF file
T3600 020:408.852     FlashDevice.SectorInfo[0]: .SectorSize = 0x00010000, .SectorStartAddr = 0x00000000
T3600 020:431.326   Flash bank @ 0x90000000: SFL: Parsing sectorization info from ELF file
T3600 020:431.354     FlashDevice.SectorInfo[0]: .SectorSize = 0x00010000, .SectorStartAddr = 0x00000000
T3600 020:470.436   Device "R7KA8P1KF_CPU0" selected.
T3600 020:470.964 - 95.228ms returns 0x00
T3600 020:471.004 JLINK_TIF_GetAvailable(...)
T3600 020:471.282 - 0.275ms 
T3600 020:471.318 JLINK_TIF_Select(JLINKARM_TIF_SWD)
T3600 020:471.916 - 0.598ms returns 0x00
T3600 020:471.966 JLINK_SetSpeed(4000)
T3600 020:472.122 - 0.159ms 
T3600 020:472.956 JLINK_ReadMem(0xE000EDF0, 0x4 Bytes, ...)
T3600 020:473.150   ConfigTargetSettings() start
T3600 020:473.194    J-Link Script File: Executing ConfigTargetSettings()
T3600 020:473.210   Configuring FlashDLNoRMWThreshold=0x200 in order to make sure that option bytes programming is done via read-modify-write
T3600 020:484.642   ConfigTargetSettings() end - Took 11.4ms
T3600 020:484.676   InitTarget() start
T3600 020:484.692    J-Link Script File: Executing InitTarget()
T3600 020:484.704   Identifying target device...
T3600 020:484.722   SWD selected. Executing JTAG -> SWD switching sequence...
T3600 020:485.640   Initializing DAP...
T3600 020:486.636   DAP initialized successfully.
T3600 020:486.662   Determining TrustZone configuration...
T3600 020:487.932     Secure Debug: Enabled (SSD)
T3600 020:487.956   Determining currently configured transfer type by reading the AHB-AP CSW register.
T3600 020:488.880     --> Correct transfer type configured. Done.
T3600 020:488.914   InitTarget() end - Took 4.22ms
T3600 020:489.630   Found SW-DP with ID 0x6BA02477
T3600 020:492.034   DPIDR: 0x6BA02477
T3600 020:492.056   CoreSight SoC-400 or earlier
T3600 020:492.074   Scanning AP map to find all available APs
T3600 020:592.506   AP[2]: Stopped AP scan as end of AP map seems to be reached
T3600 020:592.944   AP[0]: AHB-AP (IDR: 0x84770001, ADDR: 0x00000000)
T3600 020:592.994   AP[1]: APB-AP (IDR: 0x54770002, ADDR: 0x01000000)
T3600 020:593.020   Iterating through AP map to find AHB-AP to use
T3600 020:594.232   AP[0]: Core found
T3600 020:594.262   AP[0]: AHB-AP ROM base: 0xE00FE000
T3600 020:594.710   CPUID register: 0x411FD231. Implementer code: 0x41 (ARM)
T3600 020:594.748   Feature set: Mainline
T3600 020:595.230   Cache: L1 I/D-cache present
T3600 020:595.266   Found Cortex-M85 r1p1, Little endian.
T3600 020:597.314   -- Max. mem block: 0x0001D828
T3600 020:598.450   CPU_ReadMem(4 bytes @ 0xE000EDF0)
T3600 020:599.096   CPU_WriteMem(4 bytes @ 0xE000EDF0)
T3600 020:599.596   CPU_ReadMem(4 bytes @ 0xE0002000)
T3600 020:600.060   FPUnit: 8 code (BP) slots and 0 literal slots
T3600 020:600.104   CPU_ReadMem(4 bytes @ 0xE000EDFC)
T3600 020:600.618   CPU_WriteMem(4 bytes @ 0xE000EDFC)
T3600 020:601.048   CPU_ReadMem(4 bytes @ 0xE0001000)
T3600 020:601.612   CPU_ReadMem(4 bytes @ 0xE0001000)
T3600 020:602.066   CPU_ReadMem(4 bytes @ 0xE0001028)
T3600 020:602.618   CPU_ReadMem(4 bytes @ 0xE0001038)
T3600 020:603.132   CPU_ReadMem(4 bytes @ 0xE0001048)
T3600 020:603.618   CPU_ReadMem(4 bytes @ 0xE0001058)
T3600 020:604.082   CPU_ReadMem(4 bytes @ 0xE0001068)
T3600 020:604.622   CPU_ReadMem(4 bytes @ 0xE0001078)
T3600 020:605.138   CPU_ReadMem(4 bytes @ 0xE0001088)
T3600 020:605.650   CPU_ReadMem(4 bytes @ 0xE0001098)
T3600 020:606.196   CPU_WriteMem(4 bytes @ 0xE0001000)
T3600 020:606.702   CPU_ReadMem(4 bytes @ 0xE000ED88)
T3600 020:607.172   CPU_WriteMem(4 bytes @ 0xE000ED88)
T3600 020:607.618   CPU_ReadMem(4 bytes @ 0xE000ED88)
T3600 020:608.020   CPU_WriteMem(4 bytes @ 0xE000ED88)
T3600 020:608.554   CPU_ReadMem(4 bytes @ 0xE000EFB8)
T3600 020:609.082   Security extension: implemented
T3600 020:609.132   Secure debug: enabled
T3600 020:609.160   CPU_ReadMem(4 bytes @ 0xE000ED74)
T3600 020:609.628   PACBTI extension: implemented
T3600 020:609.666   CoreSight components:
T3600 020:609.690   ROMTbl[0] @ E00FE000
T3600 020:609.716   CPU_ReadMem(64 bytes @ 0xE00FE000)
T3600 020:610.644   CPU_ReadMem(32 bytes @ 0xE00FFFE0)
T3600 020:611.324   [0][0]: E00FF000 CID B105100D PID 000BB4D4 ROM Table
T3600 020:611.364   ROMTbl[1] @ E00FF000
T3600 020:611.390   CPU_ReadMem(64 bytes @ 0xE00FF000)
T3600 020:612.272   CPU_ReadMem(32 bytes @ 0xE000EFE0)
T3600 020:612.972   CPU_ReadMem(4 bytes @ 0xE000EFBC)
T3600 020:613.482   CPU_ReadMem(4 bytes @ 0xE000EFCC)
T3600 020:614.044   [1][0]: E000E000 CID B105900D PID 000BBD23 DEVARCH 47702A04 DEVTYPE 00 ???
T3600 020:614.084   CPU_ReadMem(32 bytes @ 0xE0001FE0)
T3600 020:614.782   CPU_ReadMem(4 bytes @ 0xE0001FBC)
T3600 020:615.268   CPU_ReadMem(4 bytes @ 0xE0001FCC)
T3600 020:615.796   [1][1]: E0001000 CID B105900D PID 000BBD23 DEVARCH 47711A02 DEVTYPE 00 DWT
T3600 020:615.840   CPU_ReadMem(32 bytes @ 0xE0002FE0)
T3600 020:616.540   CPU_ReadMem(4 bytes @ 0xE0002FBC)
T3600 020:616.972   CPU_ReadMem(4 bytes @ 0xE0002FCC)
T3600 020:617.460   [1][2]: E0002000 CID B105900D PID 000BBD23 DEVARCH 47701A03 DEVTYPE 00 FPB
T3600 020:617.504   CPU_ReadMem(32 bytes @ 0xE0000FE0)
T3600 020:618.120   CPU_ReadMem(4 bytes @ 0xE0000FBC)
T3600 020:618.740   CPU_ReadMem(4 bytes @ 0xE0000FCC)
T3600 020:619.282   [1][3]: E0000000 CID B105900D PID 000BBD23 DEVARCH 47701A01 DEVTYPE 43 ITM
T3600 020:619.326   CPU_ReadMem(32 bytes @ 0xE0041FE0)
T3600 020:620.030   CPU_ReadMem(4 bytes @ 0xE0041FBC)
T3600 020:620.612   CPU_ReadMem(4 bytes @ 0xE0041FCC)
T3600 020:621.084   [1][5]: E0041000 CID B105900D PID 004BBD23 DEVARCH 47754A13 DEVTYPE 13 ETM
T3600 020:621.124   CPU_ReadMem(32 bytes @ 0xE0003FE0)
T3600 020:621.816   CPU_ReadMem(4 bytes @ 0xE0003FBC)
T3600 020:622.360   CPU_ReadMem(4 bytes @ 0xE0003FCC)
T3600 020:622.806   [1][6]: E0003000 CID B105900D PID 000BBD23 DEVARCH 47700A06 DEVTYPE 16 ???
T3600 020:622.840   CPU_ReadMem(32 bytes @ 0xE0042FE0)
T3600 020:623.428   CPU_ReadMem(4 bytes @ 0xE0042FBC)
T3600 020:623.914   CPU_ReadMem(4 bytes @ 0xE0042FCC)
T3600 020:624.346   [1][7]: E0042000 CID B105900D PID 000BBD23 DEVARCH 47701A14 DEVTYPE 14 CSS600-CTI
T3600 020:624.378   CPU_ReadMem(32 bytes @ 0xE0040FE0)
T3600 020:624.966   [0][1]: E0040000 CID 05900D00 PID 0BBD2300 ???
T3600 020:625.012   CPU_WriteMem(4 bytes @ 0xE000ED84)
T3600 020:625.412   CPU_ReadMem(4 bytes @ 0xE000ED80)
T3600 020:625.820   I-Cache L1: 16 KB, 256 Sets, 32 Bytes/Line, 2-Way
T3600 020:625.844   CPU_WriteMem(4 bytes @ 0xE000ED84)
T3600 020:626.252   CPU_ReadMem(4 bytes @ 0xE000ED80)
T3600 020:626.666   D-Cache L1: 16 KB, 128 Sets, 32 Bytes/Line, 4-Way
T3600 020:626.758   CPU_ReadMem(4 bytes @ 0xE000EDF0)
T3600 020:627.140   Data:  01 00 11 01
T3600 020:627.170   Debug reg: DHCSR
T3600 020:627.188 - 154.231ms returns 0
T3600 020:627.224 JLINK_ReadMem(0x40204038, 0x4 Bytes, ...)
T3600 020:627.246   CPU_ReadMem(4 bytes @ 0x40204038)
T3600 020:627.940   Data:  04 00 00 00
T3600 020:627.972 - 0.747ms returns 0
T3600 020:628.004 JLINK_ReadMem(0xE000EDF0, 0x4 Bytes, ...)
T3600 020:628.026   CPU_ReadMem(4 bytes @ 0xE000EDF0)
T3600 020:628.486   Data:  01 00 11 01
T3600 020:628.516   Debug reg: DHCSR
T3600 020:628.534 - 0.531ms returns 0
T3600 020:628.596 JLINK_ReadMem(0xE000EDF0, 0x4 Bytes, ...)
T3600 020:628.620   CPU_ReadMem(4 bytes @ 0xE000EDF0)
T3600 020:629.052   Data:  01 00 11 01
T3600 020:629.092   Debug reg: DHCSR
T3600 020:629.108 - 0.513ms returns 0
T3600 020:629.146 JLINK_ReadMem(0xE000EDF0, 0x4 Bytes, ...)
T3600 020:629.168   CPU_ReadMem(4 bytes @ 0xE000EDF0)
T3600 020:629.606   Data:  01 00 11 01
T3600 020:629.636   Debug reg: DHCSR
T3600 020:629.654 - 0.508ms returns 0
T3600 020:629.692 JLINK_ReadMem(0xE000EDF0, 0x4 Bytes, ...)
T3600 020:629.716   CPU_ReadMem(4 bytes @ 0xE000EDF0)
T3600 020:630.182   Data:  01 00 11 01
T3600 020:630.212   Debug reg: DHCSR
T3600 020:630.230 - 0.539ms returns 0
T3600 020:630.270 JLINK_ReadMem(0xE000EDF0, 0x4 Bytes, ...)
T3600 020:630.292   CPU_ReadMem(4 bytes @ 0xE000EDF0)
T3600 020:630.730   Data:  01 00 11 01
T3600 020:630.760   Debug reg: DHCSR
T3600 020:630.780 - 0.509ms returns 0
T3600 020:630.810 JLINK_ReadMem(0x40204038, 0x4 Bytes, ...)
T3600 020:630.832   CPU_ReadMem(4 bytes @ 0x40204038)
T3600 020:631.564   Data:  04 00 00 00
T3600 020:631.594 - 0.784ms returns 0
T3600 020:631.626 JLINK_ReadMem(0xE000EDF0, 0x4 Bytes, ...)
T3600 020:631.648   CPU_ReadMem(4 bytes @ 0xE000EDF0)
T3600 020:632.052   Data:  01 00 11 01
T3600 020:632.084   Debug reg: DHCSR
T3600 020:632.102 - 0.476ms returns 0
T3600 020:632.140 JLINK_ReadMem(0xE000EDF0, 0x4 Bytes, ...)
T3600 020:632.162   CPU_ReadMem(4 bytes @ 0xE000EDF0)
T3600 020:632.618   Data:  01 00 11 01
T3600 020:632.650   Debug reg: DHCSR
T3600 020:632.668 - 0.529ms returns 0
T3600 020:632.700 JLINK_ReadMem(0x40204030, 0x4 Bytes, ...)
T3600 020:632.722   CPU_ReadMem(4 bytes @ 0x40204030)
T3600 020:633.502   Data:  00 00 0A 00
T3600 020:633.540 - 0.841ms returns 0
T3600 020:634.588 JLINK_SetEndian(ARM_ENDIAN_LITTLE)
T3600 020:634.614 - 0.025ms returns 0
T3600 020:634.632 JLINK_SetInitRegsOnReset(OFF)
T3600 020:634.644 - 0.012ms returns 1
T3600 020:634.660 JLINK_SetResetType(JLINKARM_CM3_RESET_TYPE_CONNECT_UNDER_RESET)
T3600 020:634.674 - 0.012ms returns JLINKARM_CM3_RESET_TYPE_NORMAL
T3600 020:634.692 JLINK_ExecCommand("EnableFlashBPs", ...). 
T3600 020:634.716 - 0.023ms returns 0x00
T3600 020:634.734 JLINK_ExecCommand("SetAllowFlashCache = 1", ...). 
T3600 020:634.750 - 0.015ms returns 0x01
T3600 020:634.768 JLINK_ExecCommand("SetRestartOnClose = 0", ...). 
T3600 020:634.784 - 0.015ms returns 0x01
T3600 020:634.802 JLINK_ExecCommand("SetAllowSimulation = 0", ...). 
T3600 020:634.820 - 0.017ms returns 0x00
T3600 020:637.306 JLINK_EnableSoftBPs(ON)
T3600 020:637.332 - 2.496ms 
T3600 020:637.358 JLINK_Connect()
T3600 020:638.494   ConfigTargetSettings() start
T3600 020:638.524    J-Link Script File: Executing ConfigTargetSettings()
T3600 020:638.540   Configuring FlashDLNoRMWThreshold=0x200 in order to make sure that option bytes programming is done via read-modify-write
T3600 020:650.130   ConfigTargetSettings() end - Took 11.6ms
T3600 020:650.164   InitTarget() start
T3600 020:650.182    J-Link Script File: Executing InitTarget()
T3600 020:650.198   Identifying target device...
T3600 020:650.216   SWD selected. Executing JTAG -> SWD switching sequence...
T3600 020:651.172   Initializing DAP...
T3600 020:652.356   DAP initialized successfully.
T3600 020:652.388   Determining TrustZone configuration...
T3600 020:653.756     Secure Debug: Enabled (SSD)
T3600 020:653.788   Determining currently configured transfer type by reading the AHB-AP CSW register.
T3600 020:654.712     --> Correct transfer type configured. Done.
T3600 020:654.746   InitTarget() end - Took 4.56ms
T3600 020:655.520   Found SW-DP with ID 0x6BA02477
T3600 020:658.084   DPIDR: 0x6BA02477
T3600 020:658.108   CoreSight SoC-400 or earlier
T3600 020:658.124   AP map detection skipped. Manually configured AP map found.
T3600 020:658.140   AP[0]: AHB-AP (IDR: Not set, ADDR: 0x00000000)
T3600 020:659.134   AP[0]: Core found
T3600 020:659.164   AP[0]: AHB-AP ROM base: 0xE00FE000
T3600 020:659.698   CPUID register: 0x411FD231. Implementer code: 0x41 (ARM)
T3600 020:659.726   Feature set: Mainline
T3600 020:660.208   Cache: L1 I/D-cache present
T3600 020:660.232   Found Cortex-M85 r1p1, Little endian.
T3600 020:660.526   -- Max. mem block: 0x0001D4F8
T3600 020:660.558   CPU_ReadMem(4 bytes @ 0xE000EDF0)
T3600 020:661.002   CPU_ReadMem(4 bytes @ 0xE0002000)
T3600 020:661.470   FPUnit: 8 code (BP) slots and 0 literal slots
T3600 020:661.502   CPU_ReadMem(4 bytes @ 0xE000EDFC)
T3600 020:661.934   CPU_ReadMem(4 bytes @ 0xE0001000)
T3600 020:662.344   CPU_ReadMem(4 bytes @ 0xE0001000)
T3600 020:662.756   CPU_ReadMem(4 bytes @ 0xE0001028)
T3600 020:663.220   CPU_ReadMem(4 bytes @ 0xE0001038)
T3600 020:663.630   CPU_ReadMem(4 bytes @ 0xE0001048)
T3600 020:664.026   CPU_ReadMem(4 bytes @ 0xE0001058)
T3600 020:664.440   CPU_ReadMem(4 bytes @ 0xE0001068)
T3600 020:664.878   CPU_ReadMem(4 bytes @ 0xE0001078)
T3600 020:665.334   CPU_ReadMem(4 bytes @ 0xE0001088)
T3600 020:665.748   CPU_ReadMem(4 bytes @ 0xE0001098)
T3600 020:666.220   CPU_WriteMem(4 bytes @ 0xE0001000)
T3600 020:666.668   CPU_ReadMem(4 bytes @ 0xE000ED88)
T3600 020:667.080   CPU_WriteMem(4 bytes @ 0xE000ED88)
T3600 020:667.540   CPU_ReadMem(4 bytes @ 0xE000ED88)
T3600 020:668.018   CPU_WriteMem(4 bytes @ 0xE000ED88)
T3600 020:668.446   CPU_ReadMem(4 bytes @ 0xE000EFB8)
T3600 020:668.920   Security extension: implemented
T3600 020:668.950   Secure debug: enabled
T3600 020:668.972   CPU_ReadMem(4 bytes @ 0xE000ED74)
T3600 020:669.426   PACBTI extension: implemented
T3600 020:669.468   CoreSight components:
T3600 020:669.486   ROMTbl[0] @ E00FE000
T3600 020:669.508   CPU_ReadMem(64 bytes @ 0xE00FE000)
T3600 020:670.304   CPU_ReadMem(32 bytes @ 0xE00FFFE0)
T3600 020:670.912   [0][0]: E00FF000 CID B105100D PID 000BB4D4 ROM Table
T3600 020:670.938   ROMTbl[1] @ E00FF000
T3600 020:670.956   CPU_ReadMem(64 bytes @ 0xE00FF000)
T3600 020:671.722   CPU_ReadMem(32 bytes @ 0xE000EFE0)
T3600 020:672.340   CPU_ReadMem(4 bytes @ 0xE000EFBC)
T3600 020:672.732   CPU_ReadMem(4 bytes @ 0xE000EFCC)
T3600 020:673.172   [1][0]: E000E000 CID B105900D PID 000BBD23 DEVARCH 47702A04 DEVTYPE 00 ???
T3600 020:673.198   CPU_ReadMem(32 bytes @ 0xE0001FE0)
T3600 020:673.792   CPU_ReadMem(4 bytes @ 0xE0001FBC)
T3600 020:674.160   CPU_ReadMem(4 bytes @ 0xE0001FCC)
T3600 020:674.602   [1][1]: E0001000 CID B105900D PID 000BBD23 DEVARCH 47711A02 DEVTYPE 00 DWT
T3600 020:674.628   CPU_ReadMem(32 bytes @ 0xE0002FE0)
T3600 020:675.212   CPU_ReadMem(4 bytes @ 0xE0002FBC)
T3600 020:675.638   CPU_ReadMem(4 bytes @ 0xE0002FCC)
T3600 020:676.164   [1][2]: E0002000 CID B105900D PID 000BBD23 DEVARCH 47701A03 DEVTYPE 00 FPB
T3600 020:676.220   CPU_ReadMem(32 bytes @ 0xE0000FE0)
T3600 020:676.688   CPU_ReadMem(4 bytes @ 0xE0000FBC)
T3600 020:677.174   CPU_ReadMem(4 bytes @ 0xE0000FCC)
T3600 020:677.532   [1][3]: E0000000 CID B105900D PID 000BBD23 DEVARCH 47701A01 DEVTYPE 43 ITM
T3600 020:677.548   CPU_ReadMem(32 bytes @ 0xE0041FE0)
T3600 020:678.078   CPU_ReadMem(4 bytes @ 0xE0041FBC)
T3600 020:678.502   CPU_ReadMem(4 bytes @ 0xE0041FCC)
T3600 020:678.856   [1][5]: E0041000 CID B105900D PID 004BBD23 DEVARCH 47754A13 DEVTYPE 13 ETM
T3600 020:678.874   CPU_ReadMem(32 bytes @ 0xE0003FE0)
T3600 020:679.350   CPU_ReadMem(4 bytes @ 0xE0003FBC)
T3600 020:679.674   CPU_ReadMem(4 bytes @ 0xE0003FCC)
T3600 020:680.088   [1][6]: E0003000 CID B105900D PID 000BBD23 DEVARCH 47700A06 DEVTYPE 16 ???
T3600 020:680.120   CPU_ReadMem(32 bytes @ 0xE0042FE0)
T3600 020:680.686   CPU_ReadMem(4 bytes @ 0xE0042FBC)
T3600 020:681.028   CPU_ReadMem(4 bytes @ 0xE0042FCC)
T3600 020:681.356   [1][7]: E0042000 CID B105900D PID 000BBD23 DEVARCH 47701A14 DEVTYPE 14 CSS600-CTI
T3600 020:681.374   CPU_ReadMem(32 bytes @ 0xE0040FE0)
T3600 020:681.862   [0][1]: E0040000 CID 05900D00 PID 0BBD23B1 ???
T3600 020:681.878   CPU_WriteMem(4 bytes @ 0xE000ED84)
T3600 020:682.324   CPU_ReadMem(4 bytes @ 0xE000ED80)
T3600 020:682.640   I-Cache L1: 16 KB, 256 Sets, 32 Bytes/Line, 2-Way
T3600 020:682.672   CPU_WriteMem(4 bytes @ 0xE000ED84)
T3600 020:683.038   CPU_ReadMem(4 bytes @ 0xE000ED80)
T3600 020:683.486   D-Cache L1: 16 KB, 128 Sets, 32 Bytes/Line, 4-Way
T3600 020:683.528 - 46.170ms returns 0x00
T3600 020:683.594 JLINK_Halt()
T3600 020:687.196 - 3.601ms returns 0x00
T3600 020:687.220 JLINK_IsHalted()
T3600 020:687.582 - 0.361ms returns TRUE
T3600 020:687.614 JLINK_ResetPullsRESET(ON)
T3600 020:687.622 - 0.008ms 
T3600 020:687.632 JLINK_Reset()
T3600 020:687.648   ResetTarget() start
T3600 020:687.660    J-Link Script File: Executing ResetTarget()
T3600 020:687.676   CPU_ReadMem(4 bytes @ 0xE000ED44)
T3600 020:688.078   CPU_ReadMem(4 bytes @ 0xE000EE08)
T3600 020:688.532   CPU_WriteMem(4 bytes @ 0xE000EE08)
T3600 020:688.898   CPU_ReadMem(4 bytes @ 0xE000EE08)
T3600 020:689.278   Reset: ARMv8M core with Security Extension enabled detected. Switch to secure domain.
T3600 020:689.294   Reset: Halt core after reset via DEMCR.VC_CORERESET.
T3600 020:689.310   CPU_WriteMem(4 bytes @ 0xE000EDF0)
T3600 020:689.640   CPU_WriteMem(4 bytes @ 0xE000EDFC)
T3600 020:690.220   Reset: Reset device via AIRCR.SYSRESETREQ.
T3600 020:690.244   CPU_WriteMem(4 bytes @ 0xE000ED0C)
T3600 020:743.110   CPU_ReadMem(4 bytes @ 0xE000EDF0)
T3600 020:743.614   CPU_ReadMem(4 bytes @ 0xE000EDF0)
T3600 020:744.104   CPU_WriteMem(4 bytes @ 0xE000EDFC)
T3600 020:744.532   ResetTarget() end - Took 56.8ms
T3600 020:744.568   Device specific reset executed.
T3600 020:748.684   CPU_WriteMem(4 bytes @ 0xE0002000)
T3600 020:749.164   CPU_ReadMem(4 bytes @ 0xE000EDFC)
T3600 020:749.644   CPU_ReadMem(4 bytes @ 0xE0001000)
T3600 020:750.082   CPU_ReadMem(4 bytes @ 0xE000EE08)
T3600 020:750.562 - 62.926ms 
T3600 020:751.792 JLINK_ReadMem(0xE000EDF0, 0x4 Bytes, ...)
T3600 020:751.844   CPU_ReadMem(4 bytes @ 0xE000EDF0)
T3600 020:752.336   Data:  03 00 13 00
T3600 020:752.374   Debug reg: DHCSR
T3600 020:752.398 - 0.606ms returns 0
T3600 020:752.430 JLINK_IsHalted()
T3600 020:752.448 - 0.017ms returns TRUE
T3600 020:752.540 JLINK_ReadMem(0x4000F050, 0x1 Bytes, ...)
T3600 020:752.572   CPU_ReadMem(1 bytes @ 0x4000F050)
T3600 020:753.354   Data:  00
T3600 020:753.392 - 0.851ms returns 0
T3600 020:754.100 JLINK_IsHalted()
T3600 020:754.130 - 0.027ms returns TRUE
T3600 020:754.160 JLINK_ReadMem(0xE000EDF0, 0x4 Bytes, ...)
T3600 020:754.188   CPU_ReadMem(4 bytes @ 0xE000EDF0)
T3600 020:754.640   Data:  03 00 13 00
T3600 020:754.676   Debug reg: DHCSR
T3600 020:754.700 - 0.539ms returns 0
T3600 020:754.728 JLINK_ReadMem(0x40204038, 0x4 Bytes, ...)
T3600 020:754.756   CPU_ReadMem(4 bytes @ 0x40204038)
T3600 020:755.486   Data:  04 00 00 00
T3600 020:755.524 - 0.797ms returns 0
T3600 020:755.554 JLINK_ReadMem(0xE000EDF0, 0x4 Bytes, ...)
T3600 020:755.580   CPU_ReadMem(4 bytes @ 0xE000EDF0)
T3600 020:756.048   Data:  03 00 13 00
T3600 020:756.084   Debug reg: DHCSR
T3600 020:756.108 - 0.553ms returns 0
T3600 020:756.164 JLINK_MeasureCPUSpeed(RAMAddr = 0x22000000)
T3600 020:756.188   CPU_ReadMem(16 bytes @ 0x22000000)
T3600 020:756.986   CPU_ReadMem(4 bytes @ 0xE000EDFC)
T3600 020:757.454   CPU_ReadMem(4 bytes @ 0xE0001000)
T3600 020:758.034   CPU_ReadMem(6 bytes @ 0x22000000)
T3600 020:758.860   CPU_ReadMem(4 bytes @ 0xE000ED90)
T3600 020:759.352   CPU_ReadMem(4 bytes @ 0xE000ED94)
T3600 020:759.830   CPU_WriteMem(16 bytes @ 0x22000000)
T3600 020:760.644   CPU_WriteMem(6 bytes @ 0x22000000)
T3600 020:761.438   CPU_ReadMem(6 bytes @ 0x22000000)
T3600 020:762.136   CPU_ReadMem(4 bytes @ 0xE000EE08)
T3600 020:762.578   CPU_WriteMem(4 bytes @ 0xE0002008)
T3600 020:762.608   CPU_WriteMem(4 bytes @ 0xE000200C)
T3600 020:762.626   CPU_WriteMem(4 bytes @ 0xE0002010)
T3600 020:762.642   CPU_WriteMem(4 bytes @ 0xE0002014)
T3600 020:762.658   CPU_WriteMem(4 bytes @ 0xE0002018)
T3600 020:762.674   CPU_WriteMem(4 bytes @ 0xE000201C)
T3600 020:762.690   CPU_WriteMem(4 bytes @ 0xE0002020)
T3600 020:762.706   CPU_WriteMem(4 bytes @ 0xE0002024)
T3600 020:764.364   CPU_WriteMem(4 bytes @ 0xE0001004)
T3600 020:771.180   CPU_ReadMem(4 bytes @ 0xE0001004)
T3600 020:771.550   CPU_ReadMem(4 bytes @ 0xE000EE08)
T3600 020:771.880   CPU_WriteMem(4 bytes @ 0xE0002008)
T3600 020:772.312   CPU_WriteMem(4 bytes @ 0xE000200C)
T3600 020:772.684   CPU_WriteMem(4 bytes @ 0xE0002010)
T3600 020:773.074   CPU_WriteMem(4 bytes @ 0xE0002014)
T3600 020:773.512   CPU_WriteMem(4 bytes @ 0xE0002018)
T3600 020:774.024   CPU_WriteMem(4 bytes @ 0xE000201C)
T3600 020:774.462   CPU_WriteMem(4 bytes @ 0xE0002020)
T3600 020:774.832   CPU_WriteMem(4 bytes @ 0xE0002024)
T3600 020:775.190   CPU_ReadMem(4 bytes @ 0xE000EE08)
T3600 020:775.560   CPU_ReadMem(4 bytes @ 0xE000EE08)
T3600 020:775.942   CPU_WriteMem(4 bytes @ 0xE0001004)
T3600 020:802.444   CPU_ReadMem(4 bytes @ 0xE0001004)
T3600 020:802.844   CPU_WriteMem(6 bytes @ 0x22000000)
T3600 020:803.556   ClockFreq: 8300600 Hz
T3600 020:803.574 - 47.412ms returns 8300600
T3600 020:803.614 JLINK_ReadReg(XPSR)
T3600 020:803.628   CPU_ReadMem(4 bytes @ 0xE000EE08)
T3600 020:803.952 - 0.337ms returns 0x01000000
T48CC 024:991.538 JLINK_ResetPullsRESET(ON)
T48CC 024:991.566 - 0.029ms 
T48CC 024:991.580 JLINK_Halt()
T48CC 024:991.952 - 0.369ms returns 0x00
T48CC 024:991.978 JLINK_IsHalted()
T48CC 024:991.990 - 0.011ms returns TRUE
T48CC 024:992.004 JLINK_Reset()
T48CC 024:992.020   ResetTarget() start
T48CC 024:992.036    J-Link Script File: Executing ResetTarget()
T48CC 024:992.054   CPU_ReadMem(4 bytes @ 0xE000ED44)
T48CC 024:992.412   CPU_ReadMem(4 bytes @ 0xE000EE08)
T48CC 024:992.822   CPU_WriteMem(4 bytes @ 0xE000EE08)
T48CC 024:993.322   CPU_ReadMem(4 bytes @ 0xE000EE08)
T48CC 024:993.790   Reset: ARMv8M core with Security Extension enabled detected. Switch to secure domain.
T48CC 024:993.818   Reset: Halt core after reset via DEMCR.VC_CORERESET.
T48CC 024:993.842   CPU_WriteMem(4 bytes @ 0xE000EDF0)
T48CC 024:994.184   CPU_WriteMem(4 bytes @ 0xE000EDFC)
T48CC 024:994.826   Reset: Reset device via AIRCR.SYSRESETREQ.
T48CC 024:994.880   CPU_WriteMem(4 bytes @ 0xE000ED0C)
T48CC 025:046.980   CPU_ReadMem(4 bytes @ 0xE000EDF0)
T48CC 025:047.396   CPU_ReadMem(4 bytes @ 0xE000EDF0)
T48CC 025:047.924   CPU_WriteMem(4 bytes @ 0xE000EDFC)
T48CC 025:048.324   ResetTarget() end - Took 56.2ms
T48CC 025:048.342   Device specific reset executed.
T48CC 025:052.320   CPU_WriteMem(4 bytes @ 0xE0002000)
T48CC 025:052.790   CPU_ReadMem(4 bytes @ 0xE000EDFC)
T48CC 025:053.302   CPU_ReadMem(4 bytes @ 0xE0001000)
T48CC 025:053.840   CPU_ReadMem(4 bytes @ 0xE000EE08)
T48CC 025:054.382 - 62.379ms 
T48CC 025:054.458 JLINK_SetEndian(ARM_ENDIAN_LITTLE)
T48CC 025:054.468 - 0.011ms returns 0
T48CC 025:055.598 JLINK_BeginDownload(Flags = 0x00000000)
T48CC 025:055.620 - 0.021ms 
T48CC 025:070.436 JLINK_ReadMem(0xE000EDF0, 0x4 Bytes, ...)
T48CC 025:070.510   CPU_ReadMem(4 bytes @ 0xE000EDF0)
T48CC 025:070.966   Data:  03 00 13 00
T48CC 025:071.006   Debug reg: DHCSR
T48CC 025:071.020 - 0.586ms returns 0
T48CC 025:072.678 JLINK_WriteMem(0x02000000, 0x6C Bytes, ...)
T48CC 025:072.744   Data:  40 82 00 22 55 80 00 02 2D 7E 00 02 51 80 00 02 ...
T48CC 025:073.242   completely In flash
T48CC 025:073.276 - 0.598ms returns 0x6C
T48CC 025:073.908 JLINK_WriteMem(0x0200006C, 0x22C Bytes, ...)
T48CC 025:073.950   Data:  40 01 F0 00 01 00 FF FF 00 F8 00 00 00 00 00 00 ...
T48CC 025:074.006   completely In flash
T48CC 025:074.034 - 0.127ms returns 0x22C
T48CC 025:075.158 JLINK_WriteMem(0x020002A0, 0xBC0 Bytes, ...)
T48CC 025:075.218   Data:  03 48 04 4B 83 42 02 D0 03 4B 03 B1 18 47 70 47 ...
T48CC 025:075.236   completely In flash
T48CC 025:075.252 - 0.093ms returns 0xBC0
T48CC 025:076.400 JLINK_WriteMem(0x02000E60, 0xBA0 Bytes, ...)
T48CC 025:076.438   Data:  AD F1 02 01 31 F8 02 2F 02 33 10 0A 03 F8 02 0C ...
T48CC 025:076.456   completely In flash
T48CC 025:076.468 - 0.069ms returns 0xBA0
T48CC 025:077.218 JLINK_WriteMem(0x02001A00, 0xBB0 Bytes, ...)
T48CC 025:077.258   Data:  30 23 4B 70 17 B0 BD EC 02 8B F0 BD 29 46 BB E7 ...
T48CC 025:077.286   completely In flash
T48CC 025:077.302 - 0.084ms returns 0xBB0
T48CC 025:077.878 JLINK_WriteMem(0x020025B0, 0xBC0 Bytes, ...)
T48CC 025:077.904   Data:  02 49 03 48 04 F0 E8 FC 00 20 08 BD A0 68 06 00 ...
T48CC 025:077.936   completely In flash
T48CC 025:077.952 - 0.075ms returns 0xBC0
T48CC 025:078.604 JLINK_WriteMem(0x02003170, 0xBC0 Bytes, ...)
T48CC 025:078.626   Data:  0E 9A 06 99 29 48 FF F7 03 FC 20 46 00 F0 24 FA ...
T48CC 025:078.644   completely In flash
T48CC 025:078.660 - 0.057ms returns 0xBC0
T48CC 025:079.348 JLINK_WriteMem(0x02003D30, 0xBC0 Bytes, ...)
T48CC 025:079.368   Data:  FF 36 01 26 35 44 E8 B2 FE F7 DE FB 4F F4 7A 71 ...
T48CC 025:079.386   completely In flash
T48CC 025:079.402 - 0.055ms returns 0xBC0
T48CC 025:080.008 JLINK_WriteMem(0x020048F0, 0xBC0 Bytes, ...)
T48CC 025:080.028   Data:  A1 54 0F F0 07 C0 BF F3 5F 8F F8 BD 80 46 19 22 ...
T48CC 025:080.046   completely In flash
T48CC 025:080.060 - 0.054ms returns 0xBC0
T48CC 025:080.702 JLINK_WriteMem(0x020054B0, 0xBB0 Bytes, ...)
T48CC 025:080.724   Data:  12 1B B1 FA 81 F1 18 BF 01 22 84 46 49 09 42 EA ...
T48CC 025:080.740   completely In flash
T48CC 025:080.756 - 0.055ms returns 0xBB0
T48CC 025:081.636 JLINK_WriteMem(0x02006060, 0xBB0 Bytes, ...)
T48CC 025:081.658   Data:  62 6A 45 49 A0 81 91 66 22 6A 44 4B 92 F9 05 20 ...
T48CC 025:081.684   completely In flash
T48CC 025:081.700 - 0.063ms returns 0xBB0
T48CC 025:082.388 JLINK_WriteMem(0x02006C10, 0xBA0 Bytes, ...)
T48CC 025:082.410   Data:  03 F5 80 03 C9 B2 DC 68 00 FA 01 F1 01 2A 4F EA ...
T48CC 025:082.428   completely In flash
T48CC 025:082.444 - 0.056ms returns 0xBA0
T48CC 025:083.008 JLINK_WriteMem(0x020077B0, 0xBA0 Bytes, ...)
T48CC 025:083.028   Data:  01 08 20 78 48 EA 02 68 CE F3 40 02 4F EA 4C 0C ...
T48CC 025:083.048   completely In flash
T48CC 025:083.064 - 0.056ms returns 0xBA0
T48CC 025:083.680 JLINK_WriteMem(0x02008350, 0xBC0 Bytes, ...)
T48CC 025:083.700   Data:  F8 F7 DC F9 01 3C A8 42 E3 B2 12 D0 64 B2 73 B1 ...
T48CC 025:083.720   completely In flash
T48CC 025:083.734 - 0.054ms returns 0xBC0
T48CC 025:084.370 JLINK_WriteMem(0x02008F10, 0xBC0 Bytes, ...)
T48CC 025:084.392   Data:  01 0B 5F FA 8B F3 0B 93 03 21 6D 20 FF F7 10 FA ...
T48CC 025:084.412   completely In flash
T48CC 025:084.428 - 0.057ms returns 0xBC0
T48CC 025:085.028 JLINK_WriteMem(0x02009AD0, 0xBD0 Bytes, ...)
T48CC 025:085.052   Data:  0B F1 FF 33 F1 28 DA B2 13 D0 4F FA 83 FB 72 B1 ...
T48CC 025:085.068   completely In flash
T48CC 025:085.084 - 0.056ms returns 0xBD0
T48CC 025:085.666 JLINK_WriteMem(0x0200A6A0, 0xBE0 Bytes, ...)
T48CC 025:085.686   Data:  07 EB 87 03 07 EB C3 03 03 EB 83 03 DB B2 33 2B ...
T48CC 025:085.706   completely In flash
T48CC 025:085.722 - 0.056ms returns 0xBE0
T48CC 025:086.316 JLINK_WriteMem(0x0200B280, 0xBE0 Bytes, ...)
T48CC 025:086.338   Data:  DB B2 33 2B EC D8 19 22 A3 21 28 46 F5 F7 18 FA ...
T48CC 025:086.356   completely In flash
T48CC 025:086.372 - 0.059ms returns 0xBE0
T48CC 025:086.948 JLINK_WriteMem(0x0200BE60, 0xBE0 Bytes, ...)
T48CC 025:086.970   Data:  7F B2 73 B1 07 EB 87 03 07 EB C3 03 03 EB 83 03 ...
T48CC 025:086.988   completely In flash
T48CC 025:087.004 - 0.056ms returns 0xBE0
T48CC 025:087.620 JLINK_WriteMem(0x0200CA40, 0xBC0 Bytes, ...)
T48CC 025:087.644   Data:  28 46 F3 F7 3D FE E6 E7 01 34 E4 B2 AE 21 1E 48 ...
T48CC 025:087.662   completely In flash
T48CC 025:087.678 - 0.057ms returns 0xBC0
T48CC 025:088.322 JLINK_WriteMem(0x0200D600, 0xB80 Bytes, ...)
T48CC 025:088.344   Data:  00 23 02 33 03 44 18 1A 03 B0 F0 BD 13 F8 01 6B ...
T48CC 025:088.364   completely In flash
T48CC 025:088.380 - 0.058ms returns 0xB80
T48CC 025:089.068 JLINK_WriteMem(0x0200E180, 0xBB0 Bytes, ...)
T48CC 025:089.090   Data:  58 BF 62 69 A2 60 F4 E7 00 20 F7 E7 70 00 00 22 ...
T48CC 025:089.108   completely In flash
T48CC 025:089.124 - 0.055ms returns 0xBB0
T48CC 025:089.690 JLINK_WriteMem(0x0200ED30, 0xBB0 Bytes, ...)
T48CC 025:089.710   Data:  BA F1 39 0F D9 D1 39 23 8B F8 00 30 33 46 1E 46 ...
T48CC 025:089.728   completely In flash
T48CC 025:089.744 - 0.055ms returns 0xBB0
T48CC 025:090.302 JLINK_WriteMem(0x0200F8E0, 0xBC0 Bytes, ...)
T48CC 025:090.324   Data:  27 D5 00 22 D9 04 62 60 22 69 22 60 04 D5 42 1C ...
T48CC 025:090.438   completely In flash
T48CC 025:090.458 - 0.155ms returns 0xBC0
T48CC 025:091.194 JLINK_WriteMem(0x020104A0, 0xBD0 Bytes, ...)
T48CC 025:091.214   Data:  75 73 3A 00 5B 52 46 34 33 33 5D 20 4E 6F 20 73 ...
T48CC 025:091.232   completely In flash
T48CC 025:091.246 - 0.054ms returns 0xBD0
T48CC 025:091.812 JLINK_WriteMem(0x02011070, 0xBE0 Bytes, ...)
T48CC 025:091.834   Data:  05 00 00 00 05 00 00 00 05 00 00 00 02 00 FA 00 ...
T48CC 025:091.852   completely In flash
T48CC 025:091.866 - 0.053ms returns 0xBE0
T48CC 025:092.516 JLINK_WriteMem(0x02011C50, 0xBD0 Bytes, ...)
T48CC 025:092.538   Data:  82 82 82 82 82 82 82 82 82 82 82 82 82 82 82 82 ...
T48CC 025:092.556   completely In flash
T48CC 025:092.572 - 0.055ms returns 0xBD0
T48CC 025:093.376 JLINK_WriteMem(0x02012820, 0xBC0 Bytes, ...)
T48CC 025:093.396   Data:  A0 A9 8C 6C B7 06 00 F4 EA 65 6B 86 08 78 49 00 ...
T48CC 025:093.428   completely In flash
T48CC 025:093.444 - 0.069ms returns 0xBC0
T48CC 025:094.074 JLINK_WriteMem(0x020133E0, 0xBD0 Bytes, ...)
T48CC 025:094.096   Data:  7F 7F 7F 7F 7F 7F 7F 7F 7F 7F 7F 7F 7F 7F 7F 7F ...
T48CC 025:094.116   completely In flash
T48CC 025:094.132 - 0.056ms returns 0xBD0
T48CC 025:094.804 JLINK_WriteMem(0x02013FB0, 0xBD0 Bytes, ...)
T48CC 025:094.828   Data:  8F 01 01 00 80 40 00 00 00 F4 01 00 81 40 00 00 ...
T48CC 025:094.848   completely In flash
T48CC 025:094.864 - 0.060ms returns 0xBD0
T48CC 025:095.476 JLINK_WriteMem(0x02014B80, 0xBE0 Bytes, ...)
T48CC 025:095.496   Data:  00 00 00 00 00 00 00 00 00 00 00 00 00 00 00 00 ...
T48CC 025:095.516   completely In flash
T48CC 025:095.530 - 0.055ms returns 0xBE0
T48CC 025:096.116 JLINK_WriteMem(0x02015760, 0xBE0 Bytes, ...)
T48CC 025:096.138   Data:  84 84 84 84 84 84 84 84 84 84 84 84 84 84 84 84 ...
T48CC 025:096.168   completely In flash
T48CC 025:096.184 - 0.067ms returns 0xBE0
T48CC 025:096.816 JLINK_WriteMem(0x02016340, 0xBD0 Bytes, ...)
T48CC 025:096.836   Data:  00 00 00 00 00 00 00 00 00 00 00 00 00 00 00 00 ...
T48CC 025:096.854   completely In flash
T48CC 025:096.870 - 0.053ms returns 0xBD0
T48CC 025:097.488 JLINK_WriteMem(0x02016F10, 0xBC0 Bytes, ...)
T48CC 025:097.508   Data:  FF 8A 83 85 53 26 F1 1A 00 00 00 B7 4D 64 44 27 ...
T48CC 025:097.526   completely In flash
T48CC 025:097.542 - 0.055ms returns 0xBC0
T48CC 025:098.162 JLINK_WriteMem(0x02017AD0, 0xBC0 Bytes, ...)
T48CC 025:098.182   Data:  FF FF FF FF FF 03 30 00 40 09 00 80 13 E8 03 14 ...
T48CC 025:098.202   completely In flash
T48CC 025:098.216 - 0.055ms returns 0xBC0
T48CC 025:098.780 JLINK_WriteMem(0x02018690, 0xBC0 Bytes, ...)
T48CC 025:098.800   Data:  25 84 DD D0 9F BB B5 D6 F9 A8 B5 01 40 AD 45 1D ...
T48CC 025:098.818   completely In flash
T48CC 025:098.834 - 0.054ms returns 0xBC0
T48CC 025:099.314 JLINK_WriteMem(0x02019250, 0xBC0 Bytes, ...)
T48CC 025:099.332   Data:  0A 18 BE 07 00 97 FD 1C 30 E9 6F 01 C2 98 3F 42 ...
T48CC 025:099.348   completely In flash
T48CC 025:099.364 - 0.051ms returns 0xBC0
T48CC 025:100.128 JLINK_WriteMem(0x02019E10, 0xBC0 Bytes, ...)
T48CC 025:100.154   Data:  F3 38 2C 47 F5 8C 8F 03 00 94 00 F8 F7 5F FE 01 ...
T48CC 025:100.176   completely In flash
T48CC 025:100.198 - 0.070ms returns 0xBC0
T48CC 025:100.800 JLINK_WriteMem(0x0201A9D0, 0xBD0 Bytes, ...)
T48CC 025:100.838   Data:  26 01 80 FF 27 01 7F 00 16 01 0F 00 15 01 0F 00 ...
T48CC 025:100.860   completely In flash
T48CC 025:100.876 - 0.076ms returns 0xBD0
T48CC 025:101.638 JLINK_WriteMem(0x0201B5A0, 0xBC0 Bytes, ...)
T48CC 025:101.674   Data:  84 37 56 54 E7 85 45 75 C8 68 E4 7B 2C 8A 2F 9A ...
T48CC 025:101.700   completely In flash
T48CC 025:101.740 - 0.101ms returns 0xBC0
T48CC 025:102.746 JLINK_WriteMem(0x0201C160, 0xBD0 Bytes, ...)
T48CC 025:102.780   Data:  4A 25 54 4B 80 DB B5 59 D5 7A 98 61 F3 D1 F3 25 ...
T48CC 025:102.794   completely In flash
T48CC 025:102.844 - 0.099ms returns 0xBD0
T48CC 025:103.612 JLINK_WriteMem(0x0201CD30, 0xBD0 Bytes, ...)
T48CC 025:103.642   Data:  04 01 1F 00 05 40 00 00 40 01 00 00 09 01 F4 FF ...
T48CC 025:103.780   completely In flash
T48CC 025:103.794 - 0.182ms returns 0xBD0
T48CC 025:104.780 JLINK_WriteMem(0x0201D900, 0xBD0 Bytes, ...)
T48CC 025:104.816   Data:  40 01 00 00 09 01 12 00 10 40 00 00 40 E7 00 00 ...
T48CC 025:104.870   completely In flash
T48CC 025:104.900 - 0.106ms returns 0xBD0
T48CC 025:105.790 JLINK_WriteMem(0x0201E4D0, 0xBD0 Bytes, ...)
T48CC 025:105.812   Data:  18 01 86 FF 25 01 00 00 80 40 00 00 00 E1 00 00 ...
T48CC 025:105.828   completely In flash
T48CC 025:105.844 - 0.051ms returns 0xBD0
T48CC 025:106.778 JLINK_WriteMem(0x0201F0A0, 0xBC0 Bytes, ...)
T48CC 025:106.812   Data:  C0 78 04 00 23 40 00 00 80 02 00 00 17 01 3F 00 ...
T48CC 025:106.826   completely In flash
T48CC 025:106.838 - 0.062ms returns 0xBC0
T48CC 025:107.532 JLINK_WriteMem(0x0201FC60, 0xBD0 Bytes, ...)
T48CC 025:107.588   Data:  14 01 41 01 25 01 10 00 16 01 13 00 0D 01 2E 00 ...
T48CC 025:107.644   completely In flash
T48CC 025:107.660 - 0.128ms returns 0xBD0
T48CC 025:108.560 JLINK_WriteMem(0x02020830, 0xBD0 Bytes, ...)
T48CC 025:108.604   Data:  22 40 00 00 D0 B8 05 00 16 01 09 00 17 01 1F 00 ...
T48CC 025:108.620   completely In flash
T48CC 025:108.636 - 0.077ms returns 0xBD0
T48CC 025:109.452 JLINK_WriteMem(0x02021400, 0xBD0 Bytes, ...)
T48CC 025:109.472   Data:  25 01 00 00 80 40 00 00 70 B1 00 00 89 01 80 FF ...
T48CC 025:109.488   completely In flash
T48CC 025:109.504 - 0.053ms returns 0xBD0
T48CC 025:110.194 JLINK_WriteMem(0x02021FD0, 0xBE0 Bytes, ...)
T48CC 025:110.228   Data:  00 00 00 00 00 00 00 00 00 00 00 00 00 00 00 00 ...
T48CC 025:110.274   completely In flash
T48CC 025:110.294 - 0.102ms returns 0xBE0
T48CC 025:111.204 JLINK_WriteMem(0x02022BB0, 0xBC0 Bytes, ...)
T48CC 025:111.236   Data:  00 00 00 00 00 00 00 00 00 00 00 00 00 00 00 00 ...
T48CC 025:111.274   completely In flash
T48CC 025:111.290 - 0.086ms returns 0xBC0
T48CC 025:111.896 JLINK_WriteMem(0x02023770, 0xBD0 Bytes, ...)
T48CC 025:111.956   Data:  00 00 00 00 00 00 00 00 00 00 00 00 00 00 00 00 ...
T48CC 025:111.976   completely In flash
T48CC 025:112.008 - 0.112ms returns 0xBD0
T48CC 025:112.632 JLINK_WriteMem(0x02024340, 0xBC0 Bytes, ...)
T48CC 025:112.652   Data:  7F 7F 7F 7F 7F 7F 7F 7F 7F 7F 7F 7F 7F 7F 7F 7F ...
T48CC 025:112.684   completely In flash
T48CC 025:112.696 - 0.063ms returns 0xBC0
T48CC 025:113.356 JLINK_WriteMem(0x02024F00, 0xBD0 Bytes, ...)
T48CC 025:113.372   Data:  80 80 80 80 80 80 80 80 80 80 80 80 80 81 81 81 ...
T48CC 025:113.388   completely In flash
T48CC 025:113.400 - 0.045ms returns 0xBD0
T48CC 025:113.990 JLINK_WriteMem(0x02025AD0, 0xBD0 Bytes, ...)
T48CC 025:114.016   Data:  7F 7F 7F 7F 7F 7F 7F 7F 7F 7F 7F 7F 7F 7F 7F 7F ...
T48CC 025:114.036   completely In flash
T48CC 025:114.076 - 0.087ms returns 0xBD0
T48CC 025:114.600 JLINK_WriteMem(0x020266A0, 0xBD0 Bytes, ...)
T48CC 025:114.618   Data:  00 00 00 00 00 00 00 00 00 00 00 00 00 00 00 00 ...
T48CC 025:114.636   completely In flash
T48CC 025:114.648 - 0.048ms returns 0xBD0
T48CC 025:115.280 JLINK_WriteMem(0x02027270, 0xBE0 Bytes, ...)
T48CC 025:115.296   Data:  00 00 00 00 00 00 00 00 00 00 00 00 00 00 00 00 ...
T48CC 025:115.312   completely In flash
T48CC 025:115.324 - 0.046ms returns 0xBE0
T48CC 025:115.996 JLINK_WriteMem(0x02027E50, 0xBD0 Bytes, ...)
T48CC 025:116.024   Data:  00 00 00 00 00 00 00 00 00 00 00 00 00 00 00 00 ...
T48CC 025:116.050   completely In flash
T48CC 025:116.070 - 0.076ms returns 0xBD0
T48CC 025:116.916 JLINK_WriteMem(0x02028A20, 0xBE0 Bytes, ...)
T48CC 025:116.932   Data:  00 00 00 00 00 00 00 00 00 00 00 00 00 00 00 00 ...
T48CC 025:116.982   completely In flash
T48CC 025:117.014 - 0.099ms returns 0xBE0
T48CC 025:117.492 JLINK_WriteMem(0x02029600, 0xBE0 Bytes, ...)
T48CC 025:117.506   Data:  7F 7F 7F 7F 7F 7F 7F 7F 7F 7F 7F 7F 7F 7F 7F 7F ...
T48CC 025:117.522   completely In flash
T48CC 025:117.532 - 0.043ms returns 0xBE0
T48CC 025:118.400 JLINK_WriteMem(0x0202A1E0, 0xBE0 Bytes, ...)
T48CC 025:118.420   Data:  00 00 00 00 00 00 00 00 00 00 00 00 00 00 00 00 ...
T48CC 025:118.468   completely In flash
T48CC 025:118.482 - 0.081ms returns 0xBE0
T48CC 025:119.814 JLINK_WriteMem(0x0202ADC0, 0xBC0 Bytes, ...)
T48CC 025:119.852   Data:  7F 7F 7F 7F 7F 7F 7F 7F 7F 7F 7F 7F 7F 7F 7F 7F ...
T48CC 025:119.886   completely In flash
T48CC 025:119.934 - 0.120ms returns 0xBC0
T48CC 025:120.762 JLINK_WriteMem(0x0202B980, 0xBC0 Bytes, ...)
T48CC 025:120.782   Data:  1A 11 9D FA 69 58 C2 E3 54 89 36 3F C9 A0 76 34 ...
T48CC 025:120.816   completely In flash
T48CC 025:120.844 - 0.082ms returns 0xBC0
T48CC 025:121.526 JLINK_WriteMem(0x0202C540, 0xBD0 Bytes, ...)
T48CC 025:121.564   Data:  9B 02 80 24 26 20 EA 11 C7 61 7A 7C 49 8C AF 09 ...
T48CC 025:121.596   completely In flash
T48CC 025:121.610 - 0.084ms returns 0xBD0
T48CC 025:122.250 JLINK_WriteMem(0x0202D110, 0xBD0 Bytes, ...)
T48CC 025:122.268   Data:  DC 3A F5 03 80 FB 06 8E 59 73 D6 29 E7 69 65 E9 ...
T48CC 025:122.284   completely In flash
T48CC 025:122.296 - 0.047ms returns 0xBD0
T48CC 025:123.108 JLINK_WriteMem(0x0202DCE0, 0xBC0 Bytes, ...)
T48CC 025:123.156   Data:  0B BD DD 7A 95 01 0F 77 D3 CF BB 8D EC FA D6 3D ...
T48CC 025:123.170   completely In flash
T48CC 025:123.182 - 0.076ms returns 0xBC0
T48CC 025:123.644 JLINK_WriteMem(0x0202E8A0, 0xBB0 Bytes, ...)
T48CC 025:123.662   Data:  37 5A 57 AA B3 FD 23 DA 94 4B C8 D9 03 3B 55 49 ...
T48CC 025:123.678   completely In flash
T48CC 025:123.692 - 0.046ms returns 0xBB0
T48CC 025:124.390 JLINK_WriteMem(0x0202F450, 0xBB0 Bytes, ...)
T48CC 025:124.422   Data:  0D 2F A4 F5 ED FD 67 F4 CA 63 F0 BF BB 53 CF FE ...
T48CC 025:124.436   completely In flash
T48CC 025:124.450 - 0.060ms returns 0xBB0
T48CC 025:125.084 JLINK_WriteMem(0x02030000, 0xBB0 Bytes, ...)
T48CC 025:125.128   Data:  A1 5D D5 46 A1 36 CD 42 D5 7D 55 7C B4 4A 0D 61 ...
T48CC 025:125.158   completely In flash
T48CC 025:125.172 - 0.087ms returns 0xBB0
T48CC 025:125.818 JLINK_WriteMem(0x02030BB0, 0xBC0 Bytes, ...)
T48CC 025:125.836   Data:  FF 9E AB BC 59 28 5F DC FF FF FF AE 5A C8 64 28 ...
T48CC 025:125.852   completely In flash
T48CC 025:125.864 - 0.046ms returns 0xBC0
T48CC 025:126.532 JLINK_WriteMem(0x02031770, 0xBB0 Bytes, ...)
T48CC 025:126.588   Data:  42 4A 2D 4F EB 5E 60 9F E6 A4 D0 EE 7E 95 08 FA ...
T48CC 025:126.606   completely In flash
T48CC 025:126.620 - 0.091ms returns 0xBB0
T48CC 025:127.496 JLINK_WriteMem(0x02032320, 0xBB0 Bytes, ...)
T48CC 025:127.540   Data:  4F 47 65 E9 F7 49 B5 0F 21 B2 D0 B6 B3 F7 13 31 ...
T48CC 025:127.558   completely In flash
T48CC 025:127.574 - 0.077ms returns 0xBB0
T48CC 025:128.614 JLINK_WriteMem(0x02032ED0, 0xBB0 Bytes, ...)
T48CC 025:128.636   Data:  79 B6 2E 4F AB 11 86 DE 63 4D A9 78 03 B7 FE 67 ...
T48CC 025:128.676   completely In flash
T48CC 025:128.692 - 0.078ms returns 0xBB0
T48CC 025:129.614 JLINK_WriteMem(0x02033A80, 0xBC0 Bytes, ...)
T48CC 025:129.636   Data:  CA 37 69 55 29 80 6C D7 7D 9B C1 38 E7 A4 37 C9 ...
T48CC 025:129.652   completely In flash
T48CC 025:129.668 - 0.052ms returns 0xBC0
T48CC 025:130.884 JLINK_WriteMem(0x02034640, 0xBB0 Bytes, ...)
T48CC 025:130.924   Data:  97 EB 3A 61 8C 6B BA 76 0D 09 23 5D 75 23 88 84 ...
T48CC 025:130.972   completely In flash
T48CC 025:130.988 - 0.102ms returns 0xBB0
T48CC 025:131.726 JLINK_WriteMem(0x020351F0, 0xBC0 Bytes, ...)
T48CC 025:131.746   Data:  A2 44 A4 24 26 CF 05 6E 2E 69 53 C3 62 79 E7 67 ...
T48CC 025:131.776   completely In flash
T48CC 025:131.788 - 0.062ms returns 0xBC0
T48CC 025:133.154 JLINK_WriteMem(0x02035DB0, 0xBC0 Bytes, ...)
T48CC 025:133.188   Data:  BB 9D 2B A1 45 AB E9 70 AD 2F E0 30 13 F1 AC F5 ...
T48CC 025:133.242   completely In flash
T48CC 025:133.270 - 0.116ms returns 0xBC0
T48CC 025:134.052 JLINK_WriteMem(0x02036970, 0xBC0 Bytes, ...)
T48CC 025:134.070   Data:  BF BB 4A 90 80 89 C6 69 75 33 1C E4 7C A3 D6 FA ...
T48CC 025:134.106   completely In flash
T48CC 025:134.140 - 0.089ms returns 0xBC0
T48CC 025:135.192 JLINK_WriteMem(0x02037530, 0xBC0 Bytes, ...)
T48CC 025:135.230   Data:  D3 D1 DC 62 01 37 81 96 BF 15 A7 43 7B 6F EC 17 ...
T48CC 025:135.284   completely In flash
T48CC 025:135.328 - 0.136ms returns 0xBC0
T48CC 025:136.290 JLINK_WriteMem(0x020380F0, 0xBB0 Bytes, ...)
T48CC 025:136.348   Data:  C0 D3 00 7B 92 74 A4 FB 9C F5 E1 6F 09 D7 89 30 ...
T48CC 025:136.364   completely In flash
T48CC 025:136.378 - 0.089ms returns 0xBB0
T48CC 025:136.978 JLINK_WriteMem(0x02038CA0, 0xBB0 Bytes, ...)
T48CC 025:137.012   Data:  DD 84 FA 89 DD ED CA 2E CE 23 C5 DF D1 53 6E D5 ...
T48CC 025:137.046   completely In flash
T48CC 025:137.076 - 0.097ms returns 0xBB0
T48CC 025:137.762 JLINK_WriteMem(0x02039850, 0xBB0 Bytes, ...)
T48CC 025:137.780   Data:  4A 67 BA FF 7E 08 27 B5 86 06 F0 E6 8C 3F B6 3B ...
T48CC 025:137.996   completely In flash
T48CC 025:138.028 - 0.265ms returns 0xBB0
T48CC 025:138.554 JLINK_WriteMem(0x0203A400, 0xBB0 Bytes, ...)
T48CC 025:138.572   Data:  BE BA 24 BF 46 67 25 B6 D9 9B 65 75 5F CA 5B B5 ...
T48CC 025:138.590   completely In flash
T48CC 025:138.604 - 0.049ms returns 0xBB0
T48CC 025:139.284 JLINK_WriteMem(0x0203AFB0, 0xBC0 Bytes, ...)
T48CC 025:139.304   Data:  EB 6D 3B 87 2D B5 86 6F 64 45 57 D1 C9 DB FF 2F ...
T48CC 025:139.324   completely In flash
T48CC 025:139.338 - 0.052ms returns 0xBC0
T48CC 025:140.064 JLINK_WriteMem(0x0203BB70, 0xBB0 Bytes, ...)
T48CC 025:140.088   Data:  11 82 48 2E 91 56 C5 3C B1 86 0A 82 C2 DA 3B 53 ...
T48CC 025:140.118   completely In flash
T48CC 025:140.132 - 0.067ms returns 0xBB0
T48CC 025:140.662 JLINK_WriteMem(0x0203C720, 0xBC0 Bytes, ...)
T48CC 025:140.678   Data:  A9 FC F7 3E A7 D2 68 B8 E5 86 31 4E DA A9 3E 7E ...
T48CC 025:140.710   completely In flash
T48CC 025:140.724 - 0.063ms returns 0xBC0
T48CC 025:141.350 JLINK_WriteMem(0x0203D2E0, 0xBC0 Bytes, ...)
T48CC 025:141.370   Data:  F3 BE 62 A2 97 84 0E 97 25 50 BE A4 0E 13 63 99 ...
T48CC 025:141.388   completely In flash
T48CC 025:141.404 - 0.052ms returns 0xBC0
T48CC 025:141.944 JLINK_WriteMem(0x0203DEA0, 0xBB0 Bytes, ...)
T48CC 025:142.020   Data:  09 BB A4 E7 05 26 13 DB 5F FF AF EC 44 DC D8 C1 ...
T48CC 025:142.056   completely In flash
T48CC 025:142.068 - 0.129ms returns 0xBB0
T48CC 025:142.668 JLINK_WriteMem(0x0203EA50, 0xBB0 Bytes, ...)
T48CC 025:142.686   Data:  C0 BB 30 DA 10 29 04 E2 D1 23 F5 37 D1 95 0C 9B ...
T48CC 025:142.700   completely In flash
T48CC 025:142.714 - 0.045ms returns 0xBB0
T48CC 025:143.474 JLINK_WriteMem(0x0203F600, 0xBC0 Bytes, ...)
T48CC 025:143.494   Data:  F3 2D 07 53 02 6F 44 19 3B FD 19 F2 25 4D 3A 56 ...
T48CC 025:143.532   completely In flash
T48CC 025:143.574 - 0.101ms returns 0xBC0
T48CC 025:144.436 JLINK_WriteMem(0x020401C0, 0xBC0 Bytes, ...)
T48CC 025:144.454   Data:  3A D8 29 13 A5 9C 6E 5C 94 B7 8E 1A 3A D7 7F 32 ...
T48CC 025:144.476   completely In flash
T48CC 025:144.510 - 0.075ms returns 0xBC0
T48CC 025:145.178 JLINK_WriteMem(0x02040D80, 0xBB0 Bytes, ...)
T48CC 025:145.196   Data:  CD C3 0A B5 5A F5 31 99 50 F1 89 FD 6C 3D 48 2A ...
T48CC 025:145.210   completely In flash
T48CC 025:145.222 - 0.045ms returns 0xBB0
T48CC 025:145.812 JLINK_WriteMem(0x02041930, 0xBB0 Bytes, ...)
T48CC 025:145.846   Data:  6A F0 BC 84 F0 6B E0 CD 6D 2E DF 60 D6 D3 49 8D ...
T48CC 025:145.980   completely In flash
T48CC 025:146.014 - 0.201ms returns 0xBB0
T48CC 025:146.654 JLINK_WriteMem(0x020424E0, 0xBC0 Bytes, ...)
T48CC 025:146.672   Data:  D1 9E 5D 73 A5 2A 5D DD 05 AE 68 7B 62 B5 F8 77 ...
T48CC 025:146.686   completely In flash
T48CC 025:146.700 - 0.045ms returns 0xBC0
T48CC 025:147.388 JLINK_WriteMem(0x020430A0, 0xBB0 Bytes, ...)
T48CC 025:147.404   Data:  F4 FF F3 B6 A7 5F 2B 75 76 2D 83 E4 FF 96 0B 55 ...
T48CC 025:147.450   completely In flash
T48CC 025:147.462 - 0.074ms returns 0xBB0
T48CC 025:148.288 JLINK_WriteMem(0x02043C50, 0xBB0 Bytes, ...)
T48CC 025:148.324   Data:  0E 47 6E EF 95 45 0F E9 AB D0 9C 88 B0 A4 8A F0 ...
T48CC 025:148.364   completely In flash
T48CC 025:148.380 - 0.090ms returns 0xBB0
T48CC 025:149.312 JLINK_WriteMem(0x02044800, 0xBC0 Bytes, ...)
T48CC 025:149.374   Data:  88 AD FC DE 41 12 C2 D5 1C B2 63 08 02 45 08 69 ...
T48CC 025:149.396   completely In flash
T48CC 025:149.412 - 0.100ms returns 0xBC0
T48CC 025:150.482 JLINK_WriteMem(0x020453C0, 0xBB0 Bytes, ...)
T48CC 025:150.506   Data:  E1 79 03 A2 BD 86 B2 F5 B5 15 6E 17 15 C3 70 3D ...
T48CC 025:150.524   completely In flash
T48CC 025:150.554 - 0.071ms returns 0xBB0
T48CC 025:151.684 JLINK_WriteMem(0x02045F70, 0xBC0 Bytes, ...)
T48CC 025:151.728   Data:  05 55 22 04 A4 49 A8 D1 7E C6 10 AD 0F 71 4B 7C ...
T48CC 025:151.768   completely In flash
T48CC 025:151.798 - 0.114ms returns 0xBC0
T48CC 025:152.798 JLINK_WriteMem(0x02046B30, 0xBB0 Bytes, ...)
T48CC 025:152.840   Data:  EE CF DA 55 8B 27 F8 A5 C3 90 5C 24 E6 D0 2E 69 ...
T48CC 025:152.876   completely In flash
T48CC 025:152.898 - 0.099ms returns 0xBB0
T48CC 025:153.956 JLINK_WriteMem(0x020476E0, 0xBC0 Bytes, ...)
T48CC 025:153.998   Data:  2F 02 03 F4 3B 8D 65 99 DD 5F 47 46 7E 0A 71 51 ...
T48CC 025:154.032   completely In flash
T48CC 025:154.044 - 0.087ms returns 0xBC0
T48CC 025:154.778 JLINK_WriteMem(0x020482A0, 0xBB0 Bytes, ...)
T48CC 025:154.812   Data:  9B 30 CE D4 99 99 19 C5 9E C5 4D 96 86 03 C8 A9 ...
T48CC 025:154.852   completely In flash
T48CC 025:154.866 - 0.088ms returns 0xBB0
T48CC 025:155.612 JLINK_WriteMem(0x02048E50, 0xBC0 Bytes, ...)
T48CC 025:155.666   Data:  43 48 51 EF D7 88 5E 62 5F C3 28 A3 18 C4 C2 C2 ...
T48CC 025:155.696   completely In flash
T48CC 025:155.708 - 0.096ms returns 0xBC0
T48CC 025:156.436 JLINK_WriteMem(0x02049A10, 0xBC0 Bytes, ...)
T48CC 025:156.470   Data:  E5 E0 B5 12 99 F6 06 F5 75 18 48 2F DD 7F AC 89 ...
T48CC 025:156.484   completely In flash
T48CC 025:156.514 - 0.077ms returns 0xBC0
T48CC 025:157.264 JLINK_WriteMem(0x0204A5D0, 0xBC0 Bytes, ...)
T48CC 025:157.284   Data:  33 25 03 9A 44 32 AD 8E 97 17 19 9E 80 1D 1A C7 ...
T48CC 025:157.340   completely In flash
T48CC 025:157.368 - 0.124ms returns 0xBC0
T48CC 025:158.684 JLINK_WriteMem(0x0204B190, 0xBC0 Bytes, ...)
T48CC 025:158.740   Data:  85 7F F9 AA BD 98 B1 29 26 3B E9 39 87 73 05 52 ...
T48CC 025:159.016   completely In flash
T48CC 025:159.050 - 0.366ms returns 0xBC0
T48CC 025:160.068 JLINK_WriteMem(0x0204BD50, 0xBC0 Bytes, ...)
T48CC 025:160.108   Data:  6C F3 FD C3 F4 33 12 B7 E4 43 C9 10 3F 95 8D 52 ...
T48CC 025:160.128   completely In flash
T48CC 025:160.144 - 0.077ms returns 0xBC0
T48CC 025:160.948 JLINK_WriteMem(0x0204C910, 0xBB0 Bytes, ...)
T48CC 025:160.988   Data:  DE 54 55 7F A1 83 A8 01 69 5F A0 D6 4E D0 0C 25 ...
T48CC 025:161.052   completely In flash
T48CC 025:161.086 - 0.141ms returns 0xBB0
T48CC 025:161.934 JLINK_WriteMem(0x0204D4C0, 0xBC0 Bytes, ...)
T48CC 025:161.960   Data:  F5 58 8E 4E 98 47 F9 86 7E 8C D3 9F 33 EB E4 B6 ...
T48CC 025:161.980   completely In flash
T48CC 025:161.994 - 0.059ms returns 0xBC0
T48CC 025:162.712 JLINK_WriteMem(0x0204E080, 0xBC0 Bytes, ...)
T48CC 025:162.748   Data:  7A BB B2 D8 50 5B EF 53 E2 4D 6A 5E EB EF 57 82 ...
T48CC 025:162.788   completely In flash
T48CC 025:162.802 - 0.091ms returns 0xBC0
T48CC 025:163.828 JLINK_WriteMem(0x0204EC40, 0xBB0 Bytes, ...)
T48CC 025:163.876   Data:  A5 AC 4F F0 67 0E AD 7B AF 56 F9 95 14 EB 03 EF ...
T48CC 025:163.956   completely In flash
T48CC 025:164.028 - 0.198ms returns 0xBB0
T48CC 025:165.158 JLINK_WriteMem(0x0204F7F0, 0xBB0 Bytes, ...)
T48CC 025:165.182   Data:  87 E7 DC 92 EF 19 D1 3E 4C A6 B9 A2 0D A5 7B B5 ...
T48CC 025:165.210   completely In flash
T48CC 025:165.242 - 0.083ms returns 0xBB0
T48CC 025:166.164 JLINK_WriteMem(0x020503A0, 0xBC0 Bytes, ...)
T48CC 025:166.180   Data:  8A B7 EE 26 17 9A CE AB 64 BF 3B 9E D2 5C 55 3F ...
T48CC 025:166.196   completely In flash
T48CC 025:166.230 - 0.067ms returns 0xBC0
T48CC 025:166.952 JLINK_WriteMem(0x02050F60, 0xBC0 Bytes, ...)
T48CC 025:166.972   Data:  CC 5C C7 6D B3 C6 08 67 7B B9 CD 75 86 10 B2 00 ...
T48CC 025:166.994   completely In flash
T48CC 025:167.008 - 0.057ms returns 0xBC0
T48CC 025:167.594 JLINK_WriteMem(0x02051B20, 0xBB0 Bytes, ...)
T48CC 025:167.618   Data:  F5 91 80 F3 27 59 3D 21 98 99 FE 9A 09 4E E5 2E ...
T48CC 025:167.644   completely In flash
T48CC 025:167.658 - 0.063ms returns 0xBB0
T48CC 025:168.394 JLINK_WriteMem(0x020526D0, 0xBC0 Bytes, ...)
T48CC 025:168.414   Data:  17 D6 92 60 8E B5 EF 26 FC FB 24 98 99 7B 3D A3 ...
T48CC 025:168.436   completely In flash
T48CC 025:168.480 - 0.086ms returns 0xBC0
T48CC 025:169.212 JLINK_WriteMem(0x02053290, 0xBC0 Bytes, ...)
T48CC 025:169.234   Data:  FD 77 02 88 05 79 4E C6 02 8F D7 F0 9F C3 C6 EE ...
T48CC 025:169.250   completely In flash
T48CC 025:169.264 - 0.051ms returns 0xBC0
T48CC 025:169.796 JLINK_WriteMem(0x02053E50, 0xBC0 Bytes, ...)
T48CC 025:169.836   Data:  16 00 9C D8 38 07 F4 1B FF FF CE E4 4F 00 80 64 ...
T48CC 025:169.876   completely In flash
T48CC 025:169.922 - 0.124ms returns 0xBC0
T48CC 025:170.530 JLINK_WriteMem(0x02054A10, 0xBC0 Bytes, ...)
T48CC 025:170.548   Data:  4A 44 06 E5 05 00 7B 89 19 93 A0 6A 0F 00 B6 47 ...
T48CC 025:170.566   completely In flash
T48CC 025:170.580 - 0.051ms returns 0xBC0
T48CC 025:171.170 JLINK_WriteMem(0x020555D0, 0xBC0 Bytes, ...)
T48CC 025:171.188   Data:  90 02 80 28 3E C1 0F 03 75 B3 EE EF 02 C0 DE 20 ...
T48CC 025:171.212   completely In flash
T48CC 025:171.226 - 0.056ms returns 0xBC0
T48CC 025:171.832 JLINK_WriteMem(0x02056190, 0xBC0 Bytes, ...)
T48CC 025:171.876   Data:  B2 30 0B 27 F0 B2 C8 68 87 42 21 A7 6D 7A 42 38 ...
T48CC 025:171.942   completely In flash
T48CC 025:171.956 - 0.141ms returns 0xBC0
T48CC 025:172.628 JLINK_WriteMem(0x02056D50, 0xBB0 Bytes, ...)
T48CC 025:172.646   Data:  A3 88 D0 22 73 50 84 24 CA B2 96 E5 5F C3 64 81 ...
T48CC 025:172.684   completely In flash
T48CC 025:172.698 - 0.071ms returns 0xBB0
T48CC 025:173.288 JLINK_WriteMem(0x02057900, 0xBC0 Bytes, ...)
T48CC 025:173.308   Data:  3F FB A1 53 8E 63 9E 22 DC F7 F4 63 19 5B 24 B8 ...
T48CC 025:173.328   completely In flash
T48CC 025:173.342 - 0.055ms returns 0xBC0
T48CC 025:173.860 JLINK_WriteMem(0x020584C0, 0xBC0 Bytes, ...)
T48CC 025:173.878   Data:  FA 0A EB DE 60 C2 EA 4C 00 5A 89 2F 13 0D 8E 43 ...
T48CC 025:173.894   completely In flash
T48CC 025:173.908 - 0.049ms returns 0xBC0
T48CC 025:174.524 JLINK_WriteMem(0x02059080, 0xBB0 Bytes, ...)
T48CC 025:174.542   Data:  37 D1 E5 9F CA 57 B6 93 01 95 E2 75 76 D3 86 4C ...
T48CC 025:174.564   completely In flash
T48CC 025:174.578 - 0.054ms returns 0xBB0
T48CC 025:175.152 JLINK_WriteMem(0x02059C30, 0xBC0 Bytes, ...)
T48CC 025:175.170   Data:  74 96 60 18 A7 DA 4F 23 C4 C9 D9 34 A8 DA 77 84 ...
T48CC 025:175.192   completely In flash
T48CC 025:175.206 - 0.054ms returns 0xBC0
T48CC 025:175.764 JLINK_WriteMem(0x0205A7F0, 0xBC0 Bytes, ...)
T48CC 025:175.784   Data:  8C 94 12 8B 71 02 DD E4 2F 3E EB 2D F4 3C F7 3A ...
T48CC 025:175.804   completely In flash
T48CC 025:175.820 - 0.054ms returns 0xBC0
T48CC 025:176.454 JLINK_WriteMem(0x0205B3B0, 0xBB0 Bytes, ...)
T48CC 025:176.510   Data:  26 5B B7 55 73 DF C5 82 EA 02 D7 A9 DE 25 A9 B6 ...
T48CC 025:176.526   completely In flash
T48CC 025:176.540 - 0.087ms returns 0xBB0
T48CC 025:177.276 JLINK_WriteMem(0x0205BF60, 0xBC0 Bytes, ...)
T48CC 025:177.296   Data:  5F BD 0B 04 AB 10 5A FF DD DD 8C 33 18 A4 7C 77 ...
T48CC 025:177.320   completely In flash
T48CC 025:177.334 - 0.059ms returns 0xBC0
T48CC 025:177.990 JLINK_WriteMem(0x0205CB20, 0xBB0 Bytes, ...)
T48CC 025:178.010   Data:  5D 77 6A DD E1 C4 B1 B5 67 4C 11 F6 EC B4 D2 7C ...
T48CC 025:178.030   completely In flash
T48CC 025:178.044 - 0.055ms returns 0xBB0
T48CC 025:178.764 JLINK_WriteMem(0x0205D6D0, 0xBC0 Bytes, ...)
T48CC 025:178.782   Data:  76 E9 5E 30 37 E3 2E E9 C5 2A 0A A2 E1 D5 99 96 ...
T48CC 025:178.804   completely In flash
T48CC 025:178.818 - 0.056ms returns 0xBC0
T48CC 025:179.654 JLINK_WriteMem(0x0205E290, 0xBB0 Bytes, ...)
T48CC 025:179.674   Data:  D2 16 EF D9 9D AC D8 E4 2A 7D 56 1B 66 C7 23 DB ...
T48CC 025:179.690   completely In flash
T48CC 025:179.704 - 0.050ms returns 0xBB0
T48CC 025:180.404 JLINK_WriteMem(0x0205EE40, 0xBC0 Bytes, ...)
T48CC 025:180.428   Data:  AF 29 DA 6A F7 3D F2 A5 DB EF 2A CD 79 DF 58 E7 ...
T48CC 025:180.454   completely In flash
T48CC 025:180.468 - 0.065ms returns 0xBC0
T48CC 025:181.146 JLINK_WriteMem(0x0205FA00, 0xBC0 Bytes, ...)
T48CC 025:181.202   Data:  F6 04 9C 1B 6D F5 5E 3F C4 C0 30 9C BD 71 03 68 ...
T48CC 025:181.234   completely In flash
T48CC 025:181.248 - 0.102ms returns 0xBC0
T48CC 025:181.756 JLINK_WriteMem(0x020605C0, 0xBC0 Bytes, ...)
T48CC 025:181.776   Data:  90 9C 1C 48 F3 CB 16 DD A3 48 1A 66 26 C3 96 91 ...
T48CC 025:181.798   completely In flash
T48CC 025:181.812 - 0.057ms returns 0xBC0
T48CC 025:182.442 JLINK_WriteMem(0x02061180, 0xBC0 Bytes, ...)
T48CC 025:182.476   Data:  00 00 00 95 30 A8 68 28 F2 18 00 00 00 A1 4F 00 ...
T48CC 025:182.518   completely In flash
T48CC 025:182.534 - 0.113ms returns 0xBC0
T48CC 025:183.148 JLINK_WriteMem(0x02061D40, 0xBC0 Bytes, ...)
T48CC 025:183.166   Data:  88 F5 13 E2 57 71 84 5A 1D 00 58 AC F4 01 9F B6 ...
T48CC 025:183.188   completely In flash
T48CC 025:183.202 - 0.056ms returns 0xBC0
T48CC 025:183.828 JLINK_WriteMem(0x02062900, 0xBC0 Bytes, ...)
T48CC 025:183.846   Data:  1E 00 F0 56 1F 04 F9 21 A7 6F AD DF 0F 00 56 C1 ...
T48CC 025:183.894   completely In flash
T48CC 025:183.910 - 0.083ms returns 0xBC0
T48CC 025:184.804 JLINK_WriteMem(0x020634C0, 0xBC0 Bytes, ...)
T48CC 025:184.832   Data:  FF FF FF 2C 6F 2D 70 28 FB 0B 00 00 00 73 27 0D ...
T48CC 025:184.860   completely In flash
T48CC 025:184.876 - 0.071ms returns 0xBC0
T48CC 025:185.528 JLINK_WriteMem(0x02064080, 0xBC0 Bytes, ...)
T48CC 025:185.548   Data:  E6 BB 29 91 17 8C 91 A0 6A FA DA AD 05 77 18 25 ...
T48CC 025:185.572   completely In flash
T48CC 025:185.588 - 0.059ms returns 0xBC0
T48CC 025:186.264 JLINK_WriteMem(0x02064C40, 0xBB0 Bytes, ...)
T48CC 025:186.284   Data:  25 3C 7F 29 A6 FB FF FF FF BF CE 0D 6E 29 FF FE ...
T48CC 025:186.308   completely In flash
T48CC 025:186.324 - 0.059ms returns 0xBB0
T48CC 025:186.940 JLINK_WriteMem(0x020657F0, 0xBC0 Bytes, ...)
T48CC 025:186.964   Data:  45 11 F4 C5 89 E1 2D 0E 92 38 B9 39 60 92 44 D0 ...
T48CC 025:186.984   completely In flash
T48CC 025:187.000 - 0.059ms returns 0xBC0
T48CC 025:187.610 JLINK_WriteMem(0x020663B0, 0xBC0 Bytes, ...)
T48CC 025:187.628   Data:  CC 75 03 00 7D 1E DE 6A 30 BF 36 FD 4C F2 1B A2 ...
T48CC 025:187.646   completely In flash
T48CC 025:187.660 - 0.052ms returns 0xBC0
T48CC 025:188.260 JLINK_WriteMem(0x02066F70, 0xBD0 Bytes, ...)
T48CC 025:188.280   Data:  80 AC 63 AE 89 1D 6C DF D2 99 18 79 FC 4F 06 00 ...
T48CC 025:188.302   completely In flash
T48CC 025:188.316 - 0.058ms returns 0xBD0
T48CC 025:188.916 JLINK_WriteMem(0x02067B40, 0xBB0 Bytes, ...)
T48CC 025:188.936   Data:  A0 00 00 80 02 70 04 85 7E 01 61 DE BA 44 A8 C2 ...
T48CC 025:188.958   completely In flash
T48CC 025:188.972 - 0.058ms returns 0xBB0
T48CC 025:189.574 JLINK_WriteMem(0x020686F0, 0xBC0 Bytes, ...)
T48CC 025:189.596   Data:  FD ED C8 02 19 E7 0B 00 B5 75 1B 9C 87 BF F6 5E ...
T48CC 025:189.618   completely In flash
T48CC 025:189.632 - 0.058ms returns 0xBC0
T48CC 025:190.280 JLINK_WriteMem(0x020692B0, 0xBC0 Bytes, ...)
T48CC 025:190.300   Data:  D8 91 BA 37 39 98 64 F4 4B 35 04 B1 2A 8B 85 96 ...
T48CC 025:190.316   completely In flash
T48CC 025:190.332 - 0.053ms returns 0xBC0
T48CC 025:190.940 JLINK_WriteMem(0x02069E70, 0xBB0 Bytes, ...)
T48CC 025:190.960   Data:  71 15 85 51 39 0A F2 2F C5 C4 92 7C 70 EE F6 FF ...
T48CC 025:190.982   completely In flash
T48CC 025:190.996 - 0.058ms returns 0xBB0
T48CC 025:191.550 JLINK_WriteMem(0x0206AA20, 0xBC0 Bytes, ...)
T48CC 025:191.570   Data:  0E BB 45 D3 B7 D0 AD C9 96 EF FE 4C 86 80 35 59 ...
T48CC 025:191.592   completely In flash
T48CC 025:191.608 - 0.058ms returns 0xBC0
T48CC 025:192.226 JLINK_WriteMem(0x0206B5E0, 0xBC0 Bytes, ...)
T48CC 025:192.246   Data:  5D A9 7A 28 08 09 00 00 00 A6 A6 29 7B 28 DC FA ...
T48CC 025:192.262   completely In flash
T48CC 025:192.278 - 0.053ms returns 0xBC0
T48CC 025:192.864 JLINK_WriteMem(0x0206C1A0, 0xBC0 Bytes, ...)
T48CC 025:192.890   Data:  00 E5 41 8B 46 27 95 04 00 00 00 62 56 24 4A 27 ...
T48CC 025:192.916   completely In flash
T48CC 025:192.938 - 0.074ms returns 0xBC0
T48CC 025:193.526 JLINK_WriteMem(0x0206CD60, 0xBB0 Bytes, ...)
T48CC 025:193.548   Data:  12 EE F6 59 69 E9 B0 B5 58 8C 7E D2 CF D2 1E 90 ...
T48CC 025:193.566   completely In flash
T48CC 025:193.580 - 0.055ms returns 0xBB0
T48CC 025:194.188 JLINK_WriteMem(0x0206D910, 0xBB0 Bytes, ...)
T48CC 025:194.230   Data:  87 79 E6 2B D9 F2 F9 00 44 66 58 30 AF E1 1D D9 ...
T48CC 025:194.260   completely In flash
T48CC 025:194.276 - 0.087ms returns 0xBB0
T48CC 025:194.942 JLINK_WriteMem(0x0206E4C0, 0xBB0 Bytes, ...)
T48CC 025:194.964   Data:  74 45 81 7B F7 3F F8 C2 30 61 D7 91 45 75 37 F1 ...
T48CC 025:194.982   completely In flash
T48CC 025:194.996 - 0.055ms returns 0xBB0
T48CC 025:195.548 JLINK_WriteMem(0x0206F070, 0xBB0 Bytes, ...)
T48CC 025:195.568   Data:  EE F9 CB 39 D4 16 F5 2D 5D 22 35 86 73 67 D6 E0 ...
T48CC 025:195.592   completely In flash
T48CC 025:195.606 - 0.060ms returns 0xBB0
T48CC 025:196.344 JLINK_WriteMem(0x0206FC20, 0xBC0 Bytes, ...)
T48CC 025:196.366   Data:  B7 E5 FF 5B 3C CC 53 36 7B 2B 07 A9 3A D7 78 D1 ...
T48CC 025:196.390   completely In flash
T48CC 025:196.406 - 0.062ms returns 0xBC0
T48CC 025:197.012 JLINK_WriteMem(0x020707E0, 0xBB0 Bytes, ...)
T48CC 025:197.034   Data:  DB DE 6B BF D9 BD EE DC 93 11 EA DE 7E A7 74 37 ...
T48CC 025:197.058   completely In flash
T48CC 025:197.074 - 0.062ms returns 0xBB0
T48CC 025:197.652 JLINK_WriteMem(0x02071390, 0xBC0 Bytes, ...)
T48CC 025:197.672   Data:  6B 8C DE 30 38 E0 DA 0A 40 77 74 68 ED A3 E8 51 ...
T48CC 025:197.690   completely In flash
T48CC 025:197.704 - 0.053ms returns 0xBC0
T48CC 025:198.376 JLINK_WriteMem(0x02071F50, 0xBC0 Bytes, ...)
T48CC 025:198.396   Data:  BA 43 6F EC EE D2 DD 29 78 EF B0 02 9F A6 CE E2 ...
T48CC 025:198.420   completely In flash
T48CC 025:198.436 - 0.059ms returns 0xBC0
T48CC 025:199.020 JLINK_WriteMem(0x02072B10, 0xBC0 Bytes, ...)
T48CC 025:199.040   Data:  8A 3F 19 2D 57 50 1B 41 15 DE 2A 70 C4 67 29 1C ...
T48CC 025:199.062   completely In flash
T48CC 025:199.076 - 0.057ms returns 0xBC0
T48CC 025:199.620 JLINK_WriteMem(0x020736D0, 0xBB0 Bytes, ...)
T48CC 025:199.642   Data:  0E 3F 34 AC 85 68 54 10 8C 2A 16 EB B4 35 D1 9A ...
T48CC 025:199.664   completely In flash
T48CC 025:199.678 - 0.059ms returns 0xBB0
T48CC 025:200.232 JLINK_WriteMem(0x02074280, 0xBC0 Bytes, ...)
T48CC 025:200.252   Data:  1E 89 06 24 0D B5 61 20 4E DB 53 68 A1 70 DE B3 ...
T48CC 025:200.268   completely In flash
T48CC 025:200.284 - 0.051ms returns 0xBC0
T48CC 025:200.846 JLINK_WriteMem(0x02074E40, 0xBC0 Bytes, ...)
T48CC 025:200.868   Data:  88 DB 2B 50 8F F1 15 5F 57 DB 02 56 38 29 B3 6E ...
T48CC 025:200.890   completely In flash
T48CC 025:200.908 - 0.063ms returns 0xBC0
T48CC 025:201.488 JLINK_WriteMem(0x02075A00, 0xBC0 Bytes, ...)
T48CC 025:201.514   Data:  70 41 AB FA 63 BE 48 9D F7 4F E4 2D EF 54 B2 8C ...
T48CC 025:201.546   completely In flash
T48CC 025:201.574 - 0.086ms returns 0xBC0
T48CC 025:202.236 JLINK_WriteMem(0x020765C0, 0xBB0 Bytes, ...)
T48CC 025:202.256   Data:  2A EA 9A 7D 69 ED FC 57 13 14 4F FF 7E 5B 7E 7B ...
T48CC 025:202.274   completely In flash
T48CC 025:202.288 - 0.054ms returns 0xBB0
T48CC 025:202.908 JLINK_WriteMem(0x02077170, 0xBB0 Bytes, ...)
T48CC 025:202.926   Data:  14 75 DA 2A 2A A6 22 1E 29 22 68 D1 0D 9F A0 37 ...
T48CC 025:202.956   completely In flash
T48CC 025:202.970 - 0.063ms returns 0xBB0
T48CC 025:203.602 JLINK_WriteMem(0x02077D20, 0xBC0 Bytes, ...)
T48CC 025:203.620   Data:  AA 69 2A 93 10 52 B1 F5 8F 10 25 04 83 BD 4A 17 ...
T48CC 025:203.644   completely In flash
T48CC 025:203.658 - 0.056ms returns 0xBC0
T48CC 025:204.260 JLINK_WriteMem(0x020788E0, 0xBC0 Bytes, ...)
T48CC 025:204.280   Data:  10 1C 51 16 36 0A C3 EE 57 88 77 AC E3 42 6D 1D ...
T48CC 025:204.302   completely In flash
T48CC 025:204.316 - 0.057ms returns 0xBC0
T48CC 025:204.856 JLINK_WriteMem(0x020794A0, 0xBC0 Bytes, ...)
T48CC 025:204.884   Data:  71 5D F2 E8 0B E1 A2 C8 0B CF AC 8D A8 B6 BB AC ...
T48CC 025:204.910   completely In flash
T48CC 025:204.944 - 0.088ms returns 0xBC0
T48CC 025:205.440 JLINK_WriteMem(0x0207A060, 0xBC0 Bytes, ...)
T48CC 025:205.460   Data:  D4 7F 33 92 81 61 8B E1 38 00 C0 39 A8 C1 FF FF ...
T48CC 025:205.484   completely In flash
T48CC 025:205.498 - 0.058ms returns 0xBC0
T48CC 025:206.054 JLINK_WriteMem(0x0207AC20, 0xBD0 Bytes, ...)
T48CC 025:206.074   Data:  E2 2B A1 31 D5 34 80 F1 71 F1 17 94 11 56 DA F6 ...
T48CC 025:206.090   completely In flash
T48CC 025:206.104 - 0.051ms returns 0xBD0
T48CC 025:206.668 JLINK_WriteMem(0x0207B7F0, 0xBB0 Bytes, ...)
T48CC 025:206.688   Data:  83 17 43 D0 B1 70 B0 4B C1 23 41 40 64 60 72 3B ...
T48CC 025:207.104   completely In flash
T48CC 025:207.124 - 0.454ms returns 0xBB0
T48CC 025:207.810 JLINK_WriteMem(0x0207C3A0, 0xBB0 Bytes, ...)
T48CC 025:207.830   Data:  CC 72 89 A9 F7 27 51 B1 B2 09 CA E6 C2 1A A5 D2 ...
T48CC 025:207.848   completely In flash
T48CC 025:207.862 - 0.052ms returns 0xBB0
T48CC 025:208.406 JLINK_WriteMem(0x0207CF50, 0xBB0 Bytes, ...)
T48CC 025:208.428   Data:  F4 78 63 73 6B 86 8A 00 BD 4F 38 A0 93 29 95 BA ...
T48CC 025:208.444   completely In flash
T48CC 025:208.460 - 0.054ms returns 0xBB0
T48CC 025:209.606 JLINK_WriteMem(0x0207DB00, 0xBB0 Bytes, ...)
T48CC 025:209.628   Data:  00 93 8C 62 36 16 80 B0 E5 DB 24 96 B9 75 65 BB ...
T48CC 025:209.646   completely In flash
T48CC 025:209.660 - 0.055ms returns 0xBB0
T48CC 025:210.450 JLINK_WriteMem(0x0207E6B0, 0xBC0 Bytes, ...)
T48CC 025:210.474   Data:  41 29 50 23 4F 0C 00 2C 09 A6 60 52 47 81 D4 00 ...
T48CC 025:210.492   completely In flash
T48CC 025:210.508 - 0.058ms returns 0xBC0
T48CC 025:211.118 JLINK_WriteMem(0x0207F270, 0xBB0 Bytes, ...)
T48CC 025:211.140   Data:  10 DE 89 BB 06 8E 4A 12 00 68 49 17 39 39 55 8A ...
T48CC 025:211.156   completely In flash
T48CC 025:211.172 - 0.054ms returns 0xBB0
T48CC 025:211.774 JLINK_WriteMem(0x0207FE20, 0xBC0 Bytes, ...)
T48CC 025:211.796   Data:  EA 94 10 4E BA 79 11 00 0C A5 8C 40 D2 78 12 6E ...
T48CC 025:211.812   completely In flash
T48CC 025:211.828 - 0.053ms returns 0xBC0
T48CC 025:212.532 JLINK_WriteMem(0x020809E0, 0xBC0 Bytes, ...)
T48CC 025:212.554   Data:  F1 4A 2A 46 E7 67 67 65 2F AC E6 CB 13 00 80 62 ...
T48CC 025:212.572   completely In flash
T48CC 025:212.586 - 0.054ms returns 0xBC0
T48CC 025:213.216 JLINK_WriteMem(0x020815A0, 0xBB0 Bytes, ...)
T48CC 025:213.236   Data:  7A 62 C4 3C 77 9B 51 0D A5 23 C7 D8 91 91 E9 AB ...
T48CC 025:213.252   completely In flash
T48CC 025:213.268 - 0.052ms returns 0xBB0
T48CC 025:213.816 JLINK_WriteMem(0x02082150, 0xBA0 Bytes, ...)
T48CC 025:213.836   Data:  58 E6 45 F3 44 96 97 90 E8 C7 16 9B 78 36 12 22 ...
T48CC 025:213.854   completely In flash
T48CC 025:213.868 - 0.053ms returns 0xBA0
T48CC 025:214.436 JLINK_WriteMem(0x02082CF0, 0xBB0 Bytes, ...)
T48CC 025:214.458   Data:  00 08 07 38 55 29 84 F5 FF FF FF 5B D3 AD 7A 2A ...
T48CC 025:214.476   completely In flash
T48CC 025:214.490 - 0.052ms returns 0xBB0
T48CC 025:215.052 JLINK_WriteMem(0x020838A0, 0xBB0 Bytes, ...)
T48CC 025:215.074   Data:  31 B0 E7 E6 C1 97 44 14 61 83 35 DB 54 94 30 68 ...
T48CC 025:215.092   completely In flash
T48CC 025:215.106 - 0.052ms returns 0xBB0
T48CC 025:215.642 JLINK_WriteMem(0x02084450, 0xBC0 Bytes, ...)
T48CC 025:215.662   Data:  3C A9 6C 5E 99 2C 7E CC 0A 9D 7C 00 34 08 48 8D ...
T48CC 025:215.678   completely In flash
T48CC 025:215.694 - 0.052ms returns 0xBC0
T48CC 025:216.248 JLINK_WriteMem(0x02085010, 0xBA0 Bytes, ...)
T48CC 025:216.268   Data:  C6 1C E0 38 D6 36 33 06 A4 3C A9 B0 01 3D 63 DC ...
T48CC 025:216.292   completely In flash
T48CC 025:216.308 - 0.060ms returns 0xBA0
T48CC 025:216.952 JLINK_WriteMem(0x02085BB0, 0xBA0 Bytes, ...)
T48CC 025:216.972   Data:  23 09 DA 56 03 13 E2 23 B5 57 84 DA 05 99 80 7A ...
T48CC 025:216.996   completely In flash
T48CC 025:217.012 - 0.059ms returns 0xBA0
T48CC 025:217.668 JLINK_WriteMem(0x02086750, 0xBB0 Bytes, ...)
T48CC 025:217.696   Data:  0B 75 9D 23 6E 84 76 8B 40 FA 19 EE 30 B3 6C 57 ...
T48CC 025:217.722   completely In flash
T48CC 025:217.738 - 0.068ms returns 0xBB0
T48CC 025:218.500 JLINK_WriteMem(0x02087300, 0xBC0 Bytes, ...)
T48CC 025:218.520   Data:  F1 DC BA 72 10 92 D2 75 43 63 B3 78 21 03 39 57 ...
T48CC 025:218.538   completely In flash
T48CC 025:218.554 - 0.055ms returns 0xBC0
T48CC 025:219.138 JLINK_WriteMem(0x02087EC0, 0xBB0 Bytes, ...)
T48CC 025:219.156   Data:  D5 82 20 D3 F0 7B A0 F1 61 6C 9B 15 B2 71 6C 41 ...
T48CC 025:219.180   completely In flash
T48CC 025:219.196 - 0.058ms returns 0xBB0
T48CC 025:219.786 JLINK_WriteMem(0x02088A70, 0xBB0 Bytes, ...)
T48CC 025:219.806   Data:  D5 84 33 D9 A4 BA 76 82 93 43 D5 C5 36 C7 C3 AB ...
T48CC 025:219.830   completely In flash
T48CC 025:219.844 - 0.059ms returns 0xBB0
T48CC 025:220.374 JLINK_WriteMem(0x02089620, 0xBB0 Bytes, ...)
T48CC 025:220.394   Data:  A9 EA B5 FA FA 7B C8 A5 C2 75 BA E1 47 3B 81 90 ...
T48CC 025:220.412   completely In flash
T48CC 025:220.426 - 0.051ms returns 0xBB0
T48CC 025:221.050 JLINK_WriteMem(0x0208A1D0, 0xBB0 Bytes, ...)
T48CC 025:221.070   Data:  6E D1 7A C7 71 50 E2 06 FA 86 F6 93 D0 07 15 58 ...
T48CC 025:221.092   completely In flash
T48CC 025:221.108 - 0.058ms returns 0xBB0
T48CC 025:221.718 JLINK_WriteMem(0x0208AD80, 0xBA0 Bytes, ...)
T48CC 025:221.738   Data:  C8 BC 8D 92 DC 76 50 E2 24 8D A2 4D 35 23 BC 64 ...
T48CC 025:221.760   completely In flash
T48CC 025:221.776 - 0.058ms returns 0xBA0
T48CC 025:222.324 JLINK_WriteMem(0x0208B920, 0xB90 Bytes, ...)
T48CC 025:222.346   Data:  69 E5 DA E7 0D 3A 61 D3 5A 64 33 4E 35 C4 82 74 ...
T48CC 025:222.368   completely In flash
T48CC 025:222.384 - 0.059ms returns 0xB90
T48CC 025:222.942 JLINK_WriteMem(0x0208C4B0, 0xBB0 Bytes, ...)
T48CC 025:222.964   Data:  C2 0C 64 66 99 DA 27 B3 15 88 55 45 35 85 44 51 ...
T48CC 025:223.286   completely In flash
T48CC 025:223.306 - 0.365ms returns 0xBB0
T48CC 025:223.926 JLINK_WriteMem(0x0208D060, 0xBC0 Bytes, ...)
T48CC 025:223.948   Data:  A8 71 30 2A AD 9D D4 EA C8 13 30 51 6C 49 91 47 ...
T48CC 025:223.966   completely In flash
T48CC 025:223.980 - 0.053ms returns 0xBC0
T48CC 025:224.534 JLINK_WriteMem(0x0208DC20, 0xBC0 Bytes, ...)
T48CC 025:224.556   Data:  A6 CB 8B F6 34 37 36 E9 B7 D6 AD 43 8A 7B 66 F3 ...
T48CC 025:224.572   completely In flash
T48CC 025:224.588 - 0.053ms returns 0xBC0
T48CC 025:225.124 JLINK_WriteMem(0x0208E7E0, 0xBC0 Bytes, ...)
T48CC 025:225.146   Data:  87 DD B5 58 FB 2B D3 1A B8 53 9C FA A5 2C A5 34 ...
T48CC 025:225.162   completely In flash
T48CC 025:225.176 - 0.051ms returns 0xBC0
T48CC 025:225.710 JLINK_WriteMem(0x0208F3A0, 0xBC0 Bytes, ...)
T48CC 025:225.732   Data:  E1 E9 0B A8 9C 3A DF E0 36 67 5B B6 E3 0B 57 21 ...
T48CC 025:225.748   completely In flash
T48CC 025:225.764 - 0.053ms returns 0xBC0
T48CC 025:226.382 JLINK_WriteMem(0x0208FF60, 0xBB0 Bytes, ...)
T48CC 025:226.404   Data:  AA 41 4F EA F9 A5 01 12 21 C9 D8 CD FA E4 63 84 ...
T48CC 025:226.422   completely In flash
T48CC 025:226.436 - 0.055ms returns 0xBB0
T48CC 025:227.110 JLINK_WriteMem(0x02090B10, 0xBB0 Bytes, ...)
T48CC 025:227.134   Data:  68 C7 4B 8C 98 D9 24 E8 50 B1 A5 A3 B6 F6 C4 91 ...
T48CC 025:227.154   completely In flash
T48CC 025:227.168 - 0.058ms returns 0xBB0
T48CC 025:228.000 JLINK_WriteMem(0x020916C0, 0xBB0 Bytes, ...)
T48CC 025:228.038   Data:  BA 43 FB C9 7B 83 88 42 92 A7 FA BA 54 30 AC C0 ...
T48CC 025:228.068   completely In flash
T48CC 025:228.092 - 0.092ms returns 0xBB0
T48CC 025:228.812 JLINK_WriteMem(0x02092270, 0xBB0 Bytes, ...)
T48CC 025:228.840   Data:  08 86 D4 61 7B 10 61 A7 41 CC 6A 45 E6 A9 A3 B7 ...
T48CC 025:228.864   completely In flash
T48CC 025:228.884 - 0.075ms returns 0xBB0
T48CC 025:229.542 JLINK_WriteMem(0x02092E20, 0xBC0 Bytes, ...)
T48CC 025:229.564   Data:  DC C0 90 66 10 57 9D 1C 33 21 7B D5 9D 61 EB E4 ...
T48CC 025:229.584   completely In flash
T48CC 025:229.598 - 0.055ms returns 0xBC0
T48CC 025:230.208 JLINK_WriteMem(0x020939E0, 0xBC0 Bytes, ...)
T48CC 025:230.240   Data:  55 A0 DA 14 64 0E 57 84 88 C1 CB 9A FD 25 34 43 ...
T48CC 025:230.260   completely In flash
T48CC 025:230.274 - 0.066ms returns 0xBC0
T48CC 025:230.972 JLINK_WriteMem(0x020945A0, 0xB90 Bytes, ...)
T48CC 025:231.002   Data:  81 D4 13 7A 50 9B B5 9C 74 E4 A8 73 DB 6C E6 E4 ...
T48CC 025:231.030   completely In flash
T48CC 025:231.046 - 0.076ms returns 0xB90
T48CC 025:231.604 JLINK_WriteMem(0x02095130, 0xBB0 Bytes, ...)
T48CC 025:231.626   Data:  84 14 00 00 00 BF C6 A3 76 2A 08 14 00 00 00 7F ...
T48CC 025:231.644   completely In flash
T48CC 025:231.660 - 0.054ms returns 0xBB0
T48CC 025:232.460 JLINK_WriteMem(0x02095CE0, 0xBC0 Bytes, ...)
T48CC 025:232.492   Data:  AE D4 2D AA 11 B6 50 BF BF 7C 1E E9 A3 C4 73 30 ...
T48CC 025:232.524   completely In flash
T48CC 025:232.540 - 0.080ms returns 0xBC0
T48CC 025:233.140 JLINK_WriteMem(0x020968A0, 0xBC0 Bytes, ...)
T48CC 025:233.160   Data:  FE 3F 5C 00 6C 7B 8B EE 3B AD DE 7A 2B 03 85 27 ...
T48CC 025:233.178   completely In flash
T48CC 025:233.194 - 0.055ms returns 0xBC0
T48CC 025:233.864 JLINK_WriteMem(0x02097460, 0xBC0 Bytes, ...)
T48CC 025:233.918   Data:  00 00 00 90 19 FC 49 27 0E 04 00 00 00 BB 97 D2 ...
T48CC 025:233.956   completely In flash
T48CC 025:233.970 - 0.105ms returns 0xBC0
T48CC 025:234.706 JLINK_WriteMem(0x02098020, 0xBD0 Bytes, ...)
T48CC 025:234.762   Data:  84 40 00 00 40 00 00 00 85 01 49 00 80 01 00 00 ...
T48CC 025:234.832   completely In flash
T48CC 025:234.856 - 0.151ms returns 0xBD0
T48CC 025:235.904 JLINK_WriteMem(0x02098BF0, 0xB90 Bytes, ...)
T48CC 025:235.930   Data:  00 00 00 00 1B 01 00 00 1C 01 00 00 1A 01 01 00 ...
T48CC 025:235.956   completely In flash
T48CC 025:235.972 - 0.068ms returns 0xB90
T48CC 025:236.618 JLINK_WriteMem(0x02099780, 0xBE4 Bytes, ...)
T48CC 025:236.638   Data:  FF FF FF FF FF FF FF FF FF FF FF FF FF FF FF FF ...
T48CC 025:236.662   completely In flash
T48CC 025:236.680 - 0.062ms returns 0xBE4
T48CC 025:237.086 JLINK_WriteMem(0x0209A364, 0x4 Bytes, ...)
T48CC 025:237.122   Data:  F8 B5 00 BF
T48CC 025:237.142   completely In flash
T48CC 025:237.188 - 0.086ms returns 0x4
T48CC 025:237.676 JLINK_WriteMem(0x0209A368, 0x4 Bytes, ...)
T48CC 025:237.696   Data:  F8 B5 00 BF
T48CC 025:237.716   completely In flash
T48CC 025:237.730 - 0.054ms returns 0x4
T48CC 025:238.286 JLINK_WriteMem(0x0209A36C, 0x4 Bytes, ...)
T48CC 025:238.308   Data:  0D 03 00 02
T48CC 025:238.324   completely In flash
T48CC 025:238.338 - 0.051ms returns 0x4
T48CC 025:238.722 JLINK_WriteMem(0x0209A370, 0x4 Bytes, ...)
T48CC 025:238.746   Data:  E5 02 00 02
T48CC 025:238.772   completely In flash
T48CC 025:238.792 - 0.071ms returns 0x4
T48CC 025:239.208 JLINK_WriteMem(0x0209A374, 0x8 Bytes, ...)
T48CC 025:239.228   Data:  DC 2C F7 7F 01 00 00 00
T48CC 025:239.244   completely In flash
T48CC 025:239.260 - 0.051ms returns 0x8
T48CC 025:239.848 JLINK_WriteMem(0x02C9F040, 0x4 Bytes, ...)
T48CC 025:239.866   Data:  FF FF FF FF
T48CC 025:240.266   completely In flash
T48CC 025:240.286 - 0.439ms returns 0x4
T48CC 025:240.978 JLINK_WriteMem(0x02C9F044, 0x4 Bytes, ...)
T48CC 025:241.000   Data:  EF FF FF FF
T48CC 025:241.018   completely In flash
T48CC 025:241.032 - 0.055ms returns 0x4
T48CC 025:241.628 JLINK_WriteMem(0x02C9F0C0, 0x4 Bytes, ...)
T48CC 025:241.644   Data:  FF FF FF FD
T48CC 025:241.660   completely In flash
T48CC 025:241.674 - 0.047ms returns 0x4
T48CC 025:242.284 JLINK_WriteMem(0x02C9F0C4, 0x4 Bytes, ...)
T48CC 025:242.304   Data:  FF FF FF FF
T48CC 025:242.322   completely In flash
T48CC 025:242.336 - 0.051ms returns 0x4
T48CC 025:243.186 JLINK_WriteMem(0x02C9F120, 0x4 Bytes, ...)
T48CC 025:243.206   Data:  00 00 00 00
T48CC 025:243.226   completely In flash
T48CC 025:243.242 - 0.057ms returns 0x4
T48CC 025:243.882 JLINK_WriteMem(0x02C9F124, 0x4 Bytes, ...)
T48CC 025:243.908   Data:  00 00 00 00
T48CC 025:243.942   completely In flash
T48CC 025:243.968 - 0.086ms returns 0x4
T48CC 025:261.446 JLINK_EndDownload()
T48CC 025:261.790   CPU_ReadMem(4 bytes @ 0xE000ED90)
T48CC 025:262.176   CPU_ReadMem(4 bytes @ 0xE000ED94)
T48CC 025:262.546    -- --------------------------------------
T48CC 025:262.576    -- Start of determining flash info (Bank @ 0x02000000)
T48CC 025:262.594    -- End of determining flash info
T48CC 025:262.608    -- Start of determining dirty areas in flash cache
T48CC 025:262.624    -- Filling invalid ranges in sector buffer (flash cache) for sector @ 0x02000000 if necessary
T48CC 025:262.638    -- Filling invalid ranges in sector buffer (flash cache) for sector @ 0x02000800 if necessary
T48CC 025:262.652    -- Filling invalid ranges in sector buffer (flash cache) for sector @ 0x02001000 if necessary
T48CC 025:262.668    -- Filling invalid ranges in sector buffer (flash cache) for sector @ 0x02001800 if necessary
T48CC 025:262.684    -- Filling invalid ranges in sector buffer (flash cache) for sector @ 0x02002000 if necessary
T48CC 025:262.700    -- Filling invalid ranges in sector buffer (flash cache) for sector @ 0x02002800 if necessary
T48CC 025:262.716    -- Filling invalid ranges in sector buffer (flash cache) for sector @ 0x02003000 if necessary
T48CC 025:262.730    -- Filling invalid ranges in sector buffer (flash cache) for sector @ 0x02003800 if necessary
T48CC 025:262.746    -- Filling invalid ranges in sector buffer (flash cache) for sector @ 0x02004000 if necessary
T48CC 025:262.760    -- Filling invalid ranges in sector buffer (flash cache) for sector @ 0x02004800 if necessary
T48CC 025:262.774    -- Filling invalid ranges in sector buffer (flash cache) for sector @ 0x02005000 if necessary
T48CC 025:262.788    -- Filling invalid ranges in sector buffer (flash cache) for sector @ 0x02005800 if necessary
T48CC 025:262.804    -- Filling invalid ranges in sector buffer (flash cache) for sector @ 0x02006000 if necessary
T48CC 025:262.818    -- Filling invalid ranges in sector buffer (flash cache) for sector @ 0x02006800 if necessary
T48CC 025:262.834    -- Filling invalid ranges in sector buffer (flash cache) for sector @ 0x02007000 if necessary
T48CC 025:262.848    -- Filling invalid ranges in sector buffer (flash cache) for sector @ 0x02007800 if necessary
T48CC 025:262.862    -- Filling invalid ranges in sector buffer (flash cache) for sector @ 0x02008000 if necessary
T48CC 025:262.876    -- Filling invalid ranges in sector buffer (flash cache) for sector @ 0x02008800 if necessary
T48CC 025:262.892    -- Filling invalid ranges in sector buffer (flash cache) for sector @ 0x02009000 if necessary
T48CC 025:262.908    -- Filling invalid ranges in sector buffer (flash cache) for sector @ 0x02009800 if necessary
T48CC 025:262.922    -- Filling invalid ranges in sector buffer (flash cache) for sector @ 0x0200A000 if necessary
T48CC 025:262.936    -- Filling invalid ranges in sector buffer (flash cache) for sector @ 0x0200A800 if necessary
T48CC 025:262.950    -- Filling invalid ranges in sector buffer (flash cache) for sector @ 0x0200B000 if necessary
T48CC 025:262.964    -- Filling invalid ranges in sector buffer (flash cache) for sector @ 0x0200B800 if necessary
T48CC 025:262.980    -- Filling invalid ranges in sector buffer (flash cache) for sector @ 0x0200C000 if necessary
T48CC 025:262.996    -- Filling invalid ranges in sector buffer (flash cache) for sector @ 0x0200C800 if necessary
T48CC 025:263.010    -- Filling invalid ranges in sector buffer (flash cache) for sector @ 0x0200D000 if necessary
T48CC 025:263.024    -- Filling invalid ranges in sector buffer (flash cache) for sector @ 0x0200D800 if necessary
T48CC 025:263.038    -- Filling invalid ranges in sector buffer (flash cache) for sector @ 0x0200E000 if necessary
T48CC 025:263.052    -- Filling invalid ranges in sector buffer (flash cache) for sector @ 0x0200E800 if necessary
T48CC 025:263.068    -- Filling invalid ranges in sector buffer (flash cache) for sector @ 0x0200F000 if necessary
T48CC 025:263.084    -- Filling invalid ranges in sector buffer (flash cache) for sector @ 0x0200F800 if necessary
T48CC 025:263.116    -- Filling invalid ranges in sector buffer (flash cache) for sector @ 0x02010000 if necessary
T48CC 025:263.142    -- Filling invalid ranges in sector buffer (flash cache) for sector @ 0x02010800 if necessary
T48CC 025:263.164    -- Filling invalid ranges in sector buffer (flash cache) for sector @ 0x02011000 if necessary
T48CC 025:263.188    -- Filling invalid ranges in sector buffer (flash cache) for sector @ 0x02011800 if necessary
T48CC 025:263.212    -- Filling invalid ranges in sector buffer (flash cache) for sector @ 0x02012000 if necessary
T48CC 025:263.236    -- Filling invalid ranges in sector buffer (flash cache) for sector @ 0x02012800 if necessary
T48CC 025:263.252    -- Filling invalid ranges in sector buffer (flash cache) for sector @ 0x02013000 if necessary
T48CC 025:263.266    -- Filling invalid ranges in sector buffer (flash cache) for sector @ 0x02013800 if necessary
T48CC 025:263.280    -- Filling invalid ranges in sector buffer (flash cache) for sector @ 0x02014000 if necessary
T48CC 025:263.296    -- Filling invalid ranges in sector buffer (flash cache) for sector @ 0x02014800 if necessary
T48CC 025:263.310    -- Filling invalid ranges in sector buffer (flash cache) for sector @ 0x02015000 if necessary
T48CC 025:263.324    -- Filling invalid ranges in sector buffer (flash cache) for sector @ 0x02015800 if necessary
T48CC 025:263.342    -- Filling invalid ranges in sector buffer (flash cache) for sector @ 0x02016000 if necessary
T48CC 025:263.358    -- Filling invalid ranges in sector buffer (flash cache) for sector @ 0x02016800 if necessary
T48CC 025:263.372    -- Filling invalid ranges in sector buffer (flash cache) for sector @ 0x02017000 if necessary
T48CC 025:263.388    -- Filling invalid ranges in sector buffer (flash cache) for sector @ 0x02017800 if necessary
T48CC 025:263.402    -- Filling invalid ranges in sector buffer (flash cache) for sector @ 0x02018000 if necessary
T48CC 025:263.416    -- Filling invalid ranges in sector buffer (flash cache) for sector @ 0x02018800 if necessary
T48CC 025:263.430    -- Filling invalid ranges in sector buffer (flash cache) for sector @ 0x02019000 if necessary
T48CC 025:263.446    -- Filling invalid ranges in sector buffer (flash cache) for sector @ 0x02019800 if necessary
T48CC 025:263.460    -- Filling invalid ranges in sector buffer (flash cache) for sector @ 0x0201A000 if necessary
T48CC 025:263.476    -- Filling invalid ranges in sector buffer (flash cache) for sector @ 0x0201A800 if necessary
T48CC 025:263.490    -- Filling invalid ranges in sector buffer (flash cache) for sector @ 0x0201B000 if necessary
T48CC 025:263.510    -- Filling invalid ranges in sector buffer (flash cache) for sector @ 0x0201B800 if necessary
T48CC 025:263.536    -- Filling invalid ranges in sector buffer (flash cache) for sector @ 0x0201C000 if necessary
T48CC 025:263.572    -- Filling invalid ranges in sector buffer (flash cache) for sector @ 0x0201C800 if necessary
T48CC 025:263.586    -- Filling invalid ranges in sector buffer (flash cache) for sector @ 0x0201D000 if necessary
T48CC 025:263.600    -- Filling invalid ranges in sector buffer (flash cache) for sector @ 0x0201D800 if necessary
T48CC 025:263.614    -- Filling invalid ranges in sector buffer (flash cache) for sector @ 0x0201E000 if necessary
T48CC 025:263.628    -- Filling invalid ranges in sector buffer (flash cache) for sector @ 0x0201E800 if necessary
T48CC 025:263.644    -- Filling invalid ranges in sector buffer (flash cache) for sector @ 0x0201F000 if necessary
T48CC 025:263.660    -- Filling invalid ranges in sector buffer (flash cache) for sector @ 0x0201F800 if necessary
T48CC 025:263.674    -- Filling invalid ranges in sector buffer (flash cache) for sector @ 0x02020000 if necessary
T48CC 025:263.688    -- Filling invalid ranges in sector buffer (flash cache) for sector @ 0x02020800 if necessary
T48CC 025:263.702    -- Filling invalid ranges in sector buffer (flash cache) for sector @ 0x02021000 if necessary
T48CC 025:263.718    -- Filling invalid ranges in sector buffer (flash cache) for sector @ 0x02021800 if necessary
T48CC 025:263.738    -- Filling invalid ranges in sector buffer (flash cache) for sector @ 0x02022000 if necessary
T48CC 025:263.752    -- Filling invalid ranges in sector buffer (flash cache) for sector @ 0x02022800 if necessary
T48CC 025:263.768    -- Filling invalid ranges in sector buffer (flash cache) for sector @ 0x02023000 if necessary
T48CC 025:263.782    -- Filling invalid ranges in sector buffer (flash cache) for sector @ 0x02023800 if necessary
T48CC 025:263.796    -- Filling invalid ranges in sector buffer (flash cache) for sector @ 0x02024000 if necessary
T48CC 025:263.812    -- Filling invalid ranges in sector buffer (flash cache) for sector @ 0x02024800 if necessary
T48CC 025:263.832    -- Filling invalid ranges in sector buffer (flash cache) for sector @ 0x02025000 if necessary
T48CC 025:263.864    -- Filling invalid ranges in sector buffer (flash cache) for sector @ 0x02025800 if necessary
T48CC 025:263.884    -- Filling invalid ranges in sector buffer (flash cache) for sector @ 0x02026000 if necessary
T48CC 025:263.900    -- Filling invalid ranges in sector buffer (flash cache) for sector @ 0x02026800 if necessary
T48CC 025:263.916    -- Filling invalid ranges in sector buffer (flash cache) for sector @ 0x02027000 if necessary
T48CC 025:263.930    -- Filling invalid ranges in sector buffer (flash cache) for sector @ 0x02027800 if necessary
T48CC 025:263.946    -- Filling invalid ranges in sector buffer (flash cache) for sector @ 0x02028000 if necessary
T48CC 025:263.960    -- Filling invalid ranges in sector buffer (flash cache) for sector @ 0x02028800 if necessary
T48CC 025:263.974    -- Filling invalid ranges in sector buffer (flash cache) for sector @ 0x02029000 if necessary
T48CC 025:263.988    -- Filling invalid ranges in sector buffer (flash cache) for sector @ 0x02029800 if necessary
T48CC 025:264.008    -- Filling invalid ranges in sector buffer (flash cache) for sector @ 0x0202A000 if necessary
T48CC 025:264.024    -- Filling invalid ranges in sector buffer (flash cache) for sector @ 0x0202A800 if necessary
T48CC 025:264.038    -- Filling invalid ranges in sector buffer (flash cache) for sector @ 0x0202B000 if necessary
T48CC 025:264.052    -- Filling invalid ranges in sector buffer (flash cache) for sector @ 0x0202B800 if necessary
T48CC 025:264.068    -- Filling invalid ranges in sector buffer (flash cache) for sector @ 0x0202C000 if necessary
T48CC 025:264.084    -- Filling invalid ranges in sector buffer (flash cache) for sector @ 0x0202C800 if necessary
T48CC 025:264.098    -- Filling invalid ranges in sector buffer (flash cache) for sector @ 0x0202D000 if necessary
T48CC 025:264.112    -- Filling invalid ranges in sector buffer (flash cache) for sector @ 0x0202D800 if necessary
T48CC 025:264.134    -- Filling invalid ranges in sector buffer (flash cache) for sector @ 0x0202E000 if necessary
T48CC 025:264.164    -- Filling invalid ranges in sector buffer (flash cache) for sector @ 0x0202E800 if necessary
T48CC 025:264.190    -- Filling invalid ranges in sector buffer (flash cache) for sector @ 0x0202F000 if necessary
T48CC 025:264.216    -- Filling invalid ranges in sector buffer (flash cache) for sector @ 0x0202F800 if necessary
T48CC 025:264.230    -- Filling invalid ranges in sector buffer (flash cache) for sector @ 0x02030000 if necessary
T48CC 025:264.256    -- Filling invalid ranges in sector buffer (flash cache) for sector @ 0x02030800 if necessary
T48CC 025:264.280    -- Filling invalid ranges in sector buffer (flash cache) for sector @ 0x02031000 if necessary
T48CC 025:264.308    -- Filling invalid ranges in sector buffer (flash cache) for sector @ 0x02031800 if necessary
T48CC 025:264.330    -- Filling invalid ranges in sector buffer (flash cache) for sector @ 0x02032000 if necessary
T48CC 025:264.348    -- Filling invalid ranges in sector buffer (flash cache) for sector @ 0x02032800 if necessary
T48CC 025:264.380    -- Filling invalid ranges in sector buffer (flash cache) for sector @ 0x02033000 if necessary
T48CC 025:264.404    -- Filling invalid ranges in sector buffer (flash cache) for sector @ 0x02033800 if necessary
T48CC 025:264.418    -- Filling invalid ranges in sector buffer (flash cache) for sector @ 0x02034000 if necessary
T48CC 025:264.432    -- Filling invalid ranges in sector buffer (flash cache) for sector @ 0x02034800 if necessary
T48CC 025:264.448    -- Filling invalid ranges in sector buffer (flash cache) for sector @ 0x02035000 if necessary
T48CC 025:264.462    -- Filling invalid ranges in sector buffer (flash cache) for sector @ 0x02035800 if necessary
T48CC 025:264.476    -- Filling invalid ranges in sector buffer (flash cache) for sector @ 0x02036000 if necessary
T48CC 025:264.492    -- Filling invalid ranges in sector buffer (flash cache) for sector @ 0x02036800 if necessary
T48CC 025:264.512    -- Filling invalid ranges in sector buffer (flash cache) for sector @ 0x02037000 if necessary
T48CC 025:264.526    -- Filling invalid ranges in sector buffer (flash cache) for sector @ 0x02037800 if necessary
T48CC 025:264.540    -- Filling invalid ranges in sector buffer (flash cache) for sector @ 0x02038000 if necessary
T48CC 025:264.556    -- Filling invalid ranges in sector buffer (flash cache) for sector @ 0x02038800 if necessary
T48CC 025:264.570    -- Filling invalid ranges in sector buffer (flash cache) for sector @ 0x02039000 if necessary
T48CC 025:264.584    -- Filling invalid ranges in sector buffer (flash cache) for sector @ 0x02039800 if necessary
T48CC 025:264.600    -- Filling invalid ranges in sector buffer (flash cache) for sector @ 0x0203A000 if necessary
T48CC 025:264.614    -- Filling invalid ranges in sector buffer (flash cache) for sector @ 0x0203A800 if necessary
T48CC 025:264.628    -- Filling invalid ranges in sector buffer (flash cache) for sector @ 0x0203B000 if necessary
T48CC 025:264.644    -- Filling invalid ranges in sector buffer (flash cache) for sector @ 0x0203B800 if necessary
T48CC 025:264.660    -- Filling invalid ranges in sector buffer (flash cache) for sector @ 0x0203C000 if necessary
T48CC 025:264.674    -- Filling invalid ranges in sector buffer (flash cache) for sector @ 0x0203C800 if necessary
T48CC 025:264.688    -- Filling invalid ranges in sector buffer (flash cache) for sector @ 0x0203D000 if necessary
T48CC 025:264.702    -- Filling invalid ranges in sector buffer (flash cache) for sector @ 0x0203D800 if necessary
T48CC 025:264.722    -- Filling invalid ranges in sector buffer (flash cache) for sector @ 0x0203E000 if necessary
T48CC 025:264.736    -- Filling invalid ranges in sector buffer (flash cache) for sector @ 0x0203E800 if necessary
T48CC 025:264.752    -- Filling invalid ranges in sector buffer (flash cache) for sector @ 0x0203F000 if necessary
T48CC 025:264.766    -- Filling invalid ranges in sector buffer (flash cache) for sector @ 0x0203F800 if necessary
T48CC 025:264.780    -- Filling invalid ranges in sector buffer (flash cache) for sector @ 0x02040000 if necessary
T48CC 025:264.796    -- Filling invalid ranges in sector buffer (flash cache) for sector @ 0x02040800 if necessary
T48CC 025:264.810    -- Filling invalid ranges in sector buffer (flash cache) for sector @ 0x02041000 if necessary
T48CC 025:264.824    -- Filling invalid ranges in sector buffer (flash cache) for sector @ 0x02041800 if necessary
T48CC 025:264.838    -- Filling invalid ranges in sector buffer (flash cache) for sector @ 0x02042000 if necessary
T48CC 025:264.854    -- Filling invalid ranges in sector buffer (flash cache) for sector @ 0x02042800 if necessary
T48CC 025:264.868    -- Filling invalid ranges in sector buffer (flash cache) for sector @ 0x02043000 if necessary
T48CC 025:264.884    -- Filling invalid ranges in sector buffer (flash cache) for sector @ 0x02043800 if necessary
T48CC 025:264.898    -- Filling invalid ranges in sector buffer (flash cache) for sector @ 0x02044000 if necessary
T48CC 025:264.914    -- Filling invalid ranges in sector buffer (flash cache) for sector @ 0x02044800 if necessary
T48CC 025:264.932    -- Filling invalid ranges in sector buffer (flash cache) for sector @ 0x02045000 if necessary
T48CC 025:264.946    -- Filling invalid ranges in sector buffer (flash cache) for sector @ 0x02045800 if necessary
T48CC 025:264.960    -- Filling invalid ranges in sector buffer (flash cache) for sector @ 0x02046000 if necessary
T48CC 025:264.974    -- Filling invalid ranges in sector buffer (flash cache) for sector @ 0x02046800 if necessary
T48CC 025:264.988    -- Filling invalid ranges in sector buffer (flash cache) for sector @ 0x02047000 if necessary
T48CC 025:265.004    -- Filling invalid ranges in sector buffer (flash cache) for sector @ 0x02047800 if necessary
T48CC 025:265.020    -- Filling invalid ranges in sector buffer (flash cache) for sector @ 0x02048000 if necessary
T48CC 025:265.034    -- Filling invalid ranges in sector buffer (flash cache) for sector @ 0x02048800 if necessary
T48CC 025:265.048    -- Filling invalid ranges in sector buffer (flash cache) for sector @ 0x02049000 if necessary
T48CC 025:265.064    -- Filling invalid ranges in sector buffer (flash cache) for sector @ 0x02049800 if necessary
T48CC 025:265.078    -- Filling invalid ranges in sector buffer (flash cache) for sector @ 0x0204A000 if necessary
T48CC 025:265.092    -- Filling invalid ranges in sector buffer (flash cache) for sector @ 0x0204A800 if necessary
T48CC 025:265.108    -- Filling invalid ranges in sector buffer (flash cache) for sector @ 0x0204B000 if necessary
T48CC 025:265.124    -- Filling invalid ranges in sector buffer (flash cache) for sector @ 0x0204B800 if necessary
T48CC 025:265.150    -- Filling invalid ranges in sector buffer (flash cache) for sector @ 0x0204C000 if necessary
T48CC 025:265.180    -- Filling invalid ranges in sector buffer (flash cache) for sector @ 0x0204C800 if necessary
T48CC 025:265.196    -- Filling invalid ranges in sector buffer (flash cache) for sector @ 0x0204D000 if necessary
T48CC 025:265.210    -- Filling invalid ranges in sector buffer (flash cache) for sector @ 0x0204D800 if necessary
T48CC 025:265.224    -- Filling invalid ranges in sector buffer (flash cache) for sector @ 0x0204E000 if necessary
T48CC 025:265.240    -- Filling invalid ranges in sector buffer (flash cache) for sector @ 0x0204E800 if necessary
T48CC 025:265.254    -- Filling invalid ranges in sector buffer (flash cache) for sector @ 0x0204F000 if necessary
T48CC 025:265.270    -- Filling invalid ranges in sector buffer (flash cache) for sector @ 0x0204F800 if necessary
T48CC 025:265.284    -- Filling invalid ranges in sector buffer (flash cache) for sector @ 0x02050000 if necessary
T48CC 025:265.300    -- Filling invalid ranges in sector buffer (flash cache) for sector @ 0x02050800 if necessary
T48CC 025:265.314    -- Filling invalid ranges in sector buffer (flash cache) for sector @ 0x02051000 if necessary
T48CC 025:265.328    -- Filling invalid ranges in sector buffer (flash cache) for sector @ 0x02051800 if necessary
T48CC 025:265.344    -- Filling invalid ranges in sector buffer (flash cache) for sector @ 0x02052000 if necessary
T48CC 025:265.364    -- Filling invalid ranges in sector buffer (flash cache) for sector @ 0x02052800 if necessary
T48CC 025:265.378    -- Filling invalid ranges in sector buffer (flash cache) for sector @ 0x02053000 if necessary
T48CC 025:265.392    -- Filling invalid ranges in sector buffer (flash cache) for sector @ 0x02053800 if necessary
T48CC 025:265.406    -- Filling invalid ranges in sector buffer (flash cache) for sector @ 0x02054000 if necessary
T48CC 025:265.422    -- Filling invalid ranges in sector buffer (flash cache) for sector @ 0x02054800 if necessary
T48CC 025:265.436    -- Filling invalid ranges in sector buffer (flash cache) for sector @ 0x02055000 if necessary
T48CC 025:265.452    -- Filling invalid ranges in sector buffer (flash cache) for sector @ 0x02055800 if necessary
T48CC 025:265.468    -- Filling invalid ranges in sector buffer (flash cache) for sector @ 0x02056000 if necessary
T48CC 025:265.482    -- Filling invalid ranges in sector buffer (flash cache) for sector @ 0x02056800 if necessary
T48CC 025:265.500    -- Filling invalid ranges in sector buffer (flash cache) for sector @ 0x02057000 if necessary
T48CC 025:265.522    -- Filling invalid ranges in sector buffer (flash cache) for sector @ 0x02057800 if necessary
T48CC 025:265.536    -- Filling invalid ranges in sector buffer (flash cache) for sector @ 0x02058000 if necessary
T48CC 025:265.552    -- Filling invalid ranges in sector buffer (flash cache) for sector @ 0x02058800 if necessary
T48CC 025:265.566    -- Filling invalid ranges in sector buffer (flash cache) for sector @ 0x02059000 if necessary
T48CC 025:265.580    -- Filling invalid ranges in sector buffer (flash cache) for sector @ 0x02059800 if necessary
T48CC 025:265.596    -- Filling invalid ranges in sector buffer (flash cache) for sector @ 0x0205A000 if necessary
T48CC 025:265.612    -- Filling invalid ranges in sector buffer (flash cache) for sector @ 0x0205A800 if necessary
T48CC 025:265.628    -- Filling invalid ranges in sector buffer (flash cache) for sector @ 0x0205B000 if necessary
T48CC 025:265.660    -- Filling invalid ranges in sector buffer (flash cache) for sector @ 0x0205B800 if necessary
T48CC 025:265.682    -- Filling invalid ranges in sector buffer (flash cache) for sector @ 0x0205C000 if necessary
T48CC 025:265.698    -- Filling invalid ranges in sector buffer (flash cache) for sector @ 0x0205C800 if necessary
T48CC 025:265.712    -- Filling invalid ranges in sector buffer (flash cache) for sector @ 0x0205D000 if necessary
T48CC 025:265.728    -- Filling invalid ranges in sector buffer (flash cache) for sector @ 0x0205D800 if necessary
T48CC 025:265.742    -- Filling invalid ranges in sector buffer (flash cache) for sector @ 0x0205E000 if necessary
T48CC 025:265.756    -- Filling invalid ranges in sector buffer (flash cache) for sector @ 0x0205E800 if necessary
T48CC 025:265.774    -- Filling invalid ranges in sector buffer (flash cache) for sector @ 0x0205F000 if necessary
T48CC 025:265.804    -- Filling invalid ranges in sector buffer (flash cache) for sector @ 0x0205F800 if necessary
T48CC 025:265.828    -- Filling invalid ranges in sector buffer (flash cache) for sector @ 0x02060000 if necessary
T48CC 025:265.858    -- Filling invalid ranges in sector buffer (flash cache) for sector @ 0x02060800 if necessary
T48CC 025:265.892    -- Filling invalid ranges in sector buffer (flash cache) for sector @ 0x02061000 if necessary
T48CC 025:265.914    -- Filling invalid ranges in sector buffer (flash cache) for sector @ 0x02061800 if necessary
T48CC 025:265.946    -- Filling invalid ranges in sector buffer (flash cache) for sector @ 0x02062000 if necessary
T48CC 025:265.972    -- Filling invalid ranges in sector buffer (flash cache) for sector @ 0x02062800 if necessary
T48CC 025:266.000    -- Filling invalid ranges in sector buffer (flash cache) for sector @ 0x02063000 if necessary
T48CC 025:266.028    -- Filling invalid ranges in sector buffer (flash cache) for sector @ 0x02063800 if necessary
T48CC 025:266.050    -- Filling invalid ranges in sector buffer (flash cache) for sector @ 0x02064000 if necessary
T48CC 025:266.064    -- Filling invalid ranges in sector buffer (flash cache) for sector @ 0x02064800 if necessary
T48CC 025:266.078    -- Filling invalid ranges in sector buffer (flash cache) for sector @ 0x02065000 if necessary
T48CC 025:266.092    -- Filling invalid ranges in sector buffer (flash cache) for sector @ 0x02065800 if necessary
T48CC 025:266.108    -- Filling invalid ranges in sector buffer (flash cache) for sector @ 0x02066000 if necessary
T48CC 025:266.128    -- Filling invalid ranges in sector buffer (flash cache) for sector @ 0x02066800 if necessary
T48CC 025:266.142    -- Filling invalid ranges in sector buffer (flash cache) for sector @ 0x02067000 if necessary
T48CC 025:266.156    -- Filling invalid ranges in sector buffer (flash cache) for sector @ 0x02067800 if necessary
T48CC 025:266.172    -- Filling invalid ranges in sector buffer (flash cache) for sector @ 0x02068000 if necessary
T48CC 025:266.190    -- Filling invalid ranges in sector buffer (flash cache) for sector @ 0x02068800 if necessary
T48CC 025:266.204    -- Filling invalid ranges in sector buffer (flash cache) for sector @ 0x02069000 if necessary
T48CC 025:266.220    -- Filling invalid ranges in sector buffer (flash cache) for sector @ 0x02069800 if necessary
T48CC 025:266.236    -- Filling invalid ranges in sector buffer (flash cache) for sector @ 0x0206A000 if necessary
T48CC 025:266.250    -- Filling invalid ranges in sector buffer (flash cache) for sector @ 0x0206A800 if necessary
T48CC 025:266.264    -- Filling invalid ranges in sector buffer (flash cache) for sector @ 0x0206B000 if necessary
T48CC 025:266.278    -- Filling invalid ranges in sector buffer (flash cache) for sector @ 0x0206B800 if necessary
T48CC 025:266.294    -- Filling invalid ranges in sector buffer (flash cache) for sector @ 0x0206C000 if necessary
T48CC 025:266.308    -- Filling invalid ranges in sector buffer (flash cache) for sector @ 0x0206C800 if necessary
T48CC 025:266.324    -- Filling invalid ranges in sector buffer (flash cache) for sector @ 0x0206D000 if necessary
T48CC 025:266.338    -- Filling invalid ranges in sector buffer (flash cache) for sector @ 0x0206D800 if necessary
T48CC 025:266.352    -- Filling invalid ranges in sector buffer (flash cache) for sector @ 0x0206E000 if necessary
T48CC 025:266.366    -- Filling invalid ranges in sector buffer (flash cache) for sector @ 0x0206E800 if necessary
T48CC 025:266.380    -- Filling invalid ranges in sector buffer (flash cache) for sector @ 0x0206F000 if necessary
T48CC 025:266.396    -- Filling invalid ranges in sector buffer (flash cache) for sector @ 0x0206F800 if necessary
T48CC 025:266.412    -- Filling invalid ranges in sector buffer (flash cache) for sector @ 0x02070000 if necessary
T48CC 025:266.426    -- Filling invalid ranges in sector buffer (flash cache) for sector @ 0x02070800 if necessary
T48CC 025:266.440    -- Filling invalid ranges in sector buffer (flash cache) for sector @ 0x02071000 if necessary
T48CC 025:266.454    -- Filling invalid ranges in sector buffer (flash cache) for sector @ 0x02071800 if necessary
T48CC 025:266.470    -- Filling invalid ranges in sector buffer (flash cache) for sector @ 0x02072000 if necessary
T48CC 025:266.484    -- Filling invalid ranges in sector buffer (flash cache) for sector @ 0x02072800 if necessary
T48CC 025:266.500    -- Filling invalid ranges in sector buffer (flash cache) for sector @ 0x02073000 if necessary
T48CC 025:266.514    -- Filling invalid ranges in sector buffer (flash cache) for sector @ 0x02073800 if necessary
T48CC 025:266.528    -- Filling invalid ranges in sector buffer (flash cache) for sector @ 0x02074000 if necessary
T48CC 025:266.548    -- Filling invalid ranges in sector buffer (flash cache) for sector @ 0x02074800 if necessary
T48CC 025:266.564    -- Filling invalid ranges in sector buffer (flash cache) for sector @ 0x02075000 if necessary
T48CC 025:266.578    -- Filling invalid ranges in sector buffer (flash cache) for sector @ 0x02075800 if necessary
T48CC 025:266.594    -- Filling invalid ranges in sector buffer (flash cache) for sector @ 0x02076000 if necessary
T48CC 025:266.608    -- Filling invalid ranges in sector buffer (flash cache) for sector @ 0x02076800 if necessary
T48CC 025:266.622    -- Filling invalid ranges in sector buffer (flash cache) for sector @ 0x02077000 if necessary
T48CC 025:266.636    -- Filling invalid ranges in sector buffer (flash cache) for sector @ 0x02077800 if necessary
T48CC 025:266.652    -- Filling invalid ranges in sector buffer (flash cache) for sector @ 0x02078000 if necessary
T48CC 025:266.668    -- Filling invalid ranges in sector buffer (flash cache) for sector @ 0x02078800 if necessary
T48CC 025:266.682    -- Filling invalid ranges in sector buffer (flash cache) for sector @ 0x02079000 if necessary
T48CC 025:266.696    -- Filling invalid ranges in sector buffer (flash cache) for sector @ 0x02079800 if necessary
T48CC 025:266.714    -- Filling invalid ranges in sector buffer (flash cache) for sector @ 0x0207A000 if necessary
T48CC 025:266.732    -- Filling invalid ranges in sector buffer (flash cache) for sector @ 0x0207A800 if necessary
T48CC 025:266.748    -- Filling invalid ranges in sector buffer (flash cache) for sector @ 0x0207B000 if necessary
T48CC 025:266.764    -- Filling invalid ranges in sector buffer (flash cache) for sector @ 0x0207B800 if necessary
T48CC 025:266.778    -- Filling invalid ranges in sector buffer (flash cache) for sector @ 0x0207C000 if necessary
T48CC 025:266.794    -- Filling invalid ranges in sector buffer (flash cache) for sector @ 0x0207C800 if necessary
T48CC 025:266.808    -- Filling invalid ranges in sector buffer (flash cache) for sector @ 0x0207D000 if necessary
T48CC 025:266.824    -- Filling invalid ranges in sector buffer (flash cache) for sector @ 0x0207D800 if necessary
T48CC 025:266.838    -- Filling invalid ranges in sector buffer (flash cache) for sector @ 0x0207E000 if necessary
T48CC 025:266.852    -- Filling invalid ranges in sector buffer (flash cache) for sector @ 0x0207E800 if necessary
T48CC 025:266.868    -- Filling invalid ranges in sector buffer (flash cache) for sector @ 0x0207F000 if necessary
T48CC 025:266.884    -- Filling invalid ranges in sector buffer (flash cache) for sector @ 0x0207F800 if necessary
T48CC 025:266.898    -- Filling invalid ranges in sector buffer (flash cache) for sector @ 0x02080000 if necessary
T48CC 025:266.912    -- Filling invalid ranges in sector buffer (flash cache) for sector @ 0x02080800 if necessary
T48CC 025:266.928    -- Filling invalid ranges in sector buffer (flash cache) for sector @ 0x02081000 if necessary
T48CC 025:266.944    -- Filling invalid ranges in sector buffer (flash cache) for sector @ 0x02081800 if necessary
T48CC 025:266.958    -- Filling invalid ranges in sector buffer (flash cache) for sector @ 0x02082000 if necessary
T48CC 025:266.972    -- Filling invalid ranges in sector buffer (flash cache) for sector @ 0x02082800 if necessary
T48CC 025:266.988    -- Filling invalid ranges in sector buffer (flash cache) for sector @ 0x02083000 if necessary
T48CC 025:267.002    -- Filling invalid ranges in sector buffer (flash cache) for sector @ 0x02083800 if necessary
T48CC 025:267.018    -- Filling invalid ranges in sector buffer (flash cache) for sector @ 0x02084000 if necessary
T48CC 025:267.032    -- Filling invalid ranges in sector buffer (flash cache) for sector @ 0x02084800 if necessary
T48CC 025:267.046    -- Filling invalid ranges in sector buffer (flash cache) for sector @ 0x02085000 if necessary
T48CC 025:267.060    -- Filling invalid ranges in sector buffer (flash cache) for sector @ 0x02085800 if necessary
T48CC 025:267.076    -- Filling invalid ranges in sector buffer (flash cache) for sector @ 0x02086000 if necessary
T48CC 025:267.092    -- Filling invalid ranges in sector buffer (flash cache) for sector @ 0x02086800 if necessary
T48CC 025:267.106    -- Filling invalid ranges in sector buffer (flash cache) for sector @ 0x02087000 if necessary
T48CC 025:267.122    -- Filling invalid ranges in sector buffer (flash cache) for sector @ 0x02087800 if necessary
T48CC 025:267.136    -- Filling invalid ranges in sector buffer (flash cache) for sector @ 0x02088000 if necessary
T48CC 025:267.150    -- Filling invalid ranges in sector buffer (flash cache) for sector @ 0x02088800 if necessary
T48CC 025:267.166    -- Filling invalid ranges in sector buffer (flash cache) for sector @ 0x02089000 if necessary
T48CC 025:267.180    -- Filling invalid ranges in sector buffer (flash cache) for sector @ 0x02089800 if necessary
T48CC 025:267.196    -- Filling invalid ranges in sector buffer (flash cache) for sector @ 0x0208A000 if necessary
T48CC 025:267.210    -- Filling invalid ranges in sector buffer (flash cache) for sector @ 0x0208A800 if necessary
T48CC 025:267.226    -- Filling invalid ranges in sector buffer (flash cache) for sector @ 0x0208B000 if necessary
T48CC 025:267.240    -- Filling invalid ranges in sector buffer (flash cache) for sector @ 0x0208B800 if necessary
T48CC 025:267.258    -- Filling invalid ranges in sector buffer (flash cache) for sector @ 0x0208C000 if necessary
T48CC 025:267.272    -- Filling invalid ranges in sector buffer (flash cache) for sector @ 0x0208C800 if necessary
T48CC 025:267.286    -- Filling invalid ranges in sector buffer (flash cache) for sector @ 0x0208D000 if necessary
T48CC 025:267.302    -- Filling invalid ranges in sector buffer (flash cache) for sector @ 0x0208D800 if necessary
T48CC 025:267.316    -- Filling invalid ranges in sector buffer (flash cache) for sector @ 0x0208E000 if necessary
T48CC 025:267.332    -- Filling invalid ranges in sector buffer (flash cache) for sector @ 0x0208E800 if necessary
T48CC 025:267.348    -- Filling invalid ranges in sector buffer (flash cache) for sector @ 0x0208F000 if necessary
T48CC 025:267.362    -- Filling invalid ranges in sector buffer (flash cache) for sector @ 0x0208F800 if necessary
T48CC 025:267.378    -- Filling invalid ranges in sector buffer (flash cache) for sector @ 0x02090000 if necessary
T48CC 025:267.392    -- Filling invalid ranges in sector buffer (flash cache) for sector @ 0x02090800 if necessary
T48CC 025:267.406    -- Filling invalid ranges in sector buffer (flash cache) for sector @ 0x02091000 if necessary
T48CC 025:267.422    -- Filling invalid ranges in sector buffer (flash cache) for sector @ 0x02091800 if necessary
T48CC 025:267.436    -- Filling invalid ranges in sector buffer (flash cache) for sector @ 0x02092000 if necessary
T48CC 025:267.452    -- Filling invalid ranges in sector buffer (flash cache) for sector @ 0x02092800 if necessary
T48CC 025:267.468    -- Filling invalid ranges in sector buffer (flash cache) for sector @ 0x02093000 if necessary
T48CC 025:267.482    -- Filling invalid ranges in sector buffer (flash cache) for sector @ 0x02093800 if necessary
T48CC 025:267.498    -- Filling invalid ranges in sector buffer (flash cache) for sector @ 0x02094000 if necessary
T48CC 025:267.516    -- Filling invalid ranges in sector buffer (flash cache) for sector @ 0x02094800 if necessary
T48CC 025:267.542    -- Filling invalid ranges in sector buffer (flash cache) for sector @ 0x02095000 if necessary
T48CC 025:267.568    -- Filling invalid ranges in sector buffer (flash cache) for sector @ 0x02095800 if necessary
T48CC 025:267.584    -- Filling invalid ranges in sector buffer (flash cache) for sector @ 0x02096000 if necessary
T48CC 025:267.598    -- Filling invalid ranges in sector buffer (flash cache) for sector @ 0x02096800 if necessary
T48CC 025:267.616    -- Filling invalid ranges in sector buffer (flash cache) for sector @ 0x02097000 if necessary
T48CC 025:267.648    -- Filling invalid ranges in sector buffer (flash cache) for sector @ 0x02097800 if necessary
T48CC 025:267.668    -- Filling invalid ranges in sector buffer (flash cache) for sector @ 0x02098000 if necessary
T48CC 025:267.700    -- Filling invalid ranges in sector buffer (flash cache) for sector @ 0x02098800 if necessary
T48CC 025:267.720    -- Filling invalid ranges in sector buffer (flash cache) for sector @ 0x02099000 if necessary
T48CC 025:267.746    -- Filling invalid ranges in sector buffer (flash cache) for sector @ 0x02099800 if necessary
T48CC 025:267.760    -- Filling invalid ranges in sector buffer (flash cache) for sector @ 0x0209A000 if necessary
T48CC 025:267.934    -- End of determining dirty areas
T48CC 025:267.956    -- Start of preparing flash programming
T48CC 025:267.974    -- Preparing RAMCode
T48CC 025:267.998    -- Calculating RAM usage
T48CC 025:268.020    -- RAM usage = 19424 Bytes
T48CC 025:268.076    -- Preserving CPU registers
T48CC 025:268.538    -- Preparing memory
T48CC 025:268.578    -- Preparing target
T48CC 025:268.596    -- Preserving target RAM temporarily used for programming
T48CC 025:379.636    -- Downloading RAMCode
T48CC 025:409.738    -- Initializing RAMCode (InitType: 3 = Verify)
T48CC 025:409.774    -- Executing SEGGER_FL_Prepare(3)
T48CC 025:415.266    -- SEGGER_FL_Prepare() changed clock speed to 150000000Hz
T48CC 025:415.294    -- End of preparing flash programming
T48CC 025:418.832    -- CPU is running at 150000 kHz.
T48CC 025:418.878    -- Start of comparing flash
T48CC 025:418.910    -- CRC check was estimated as fastest method
T48CC 025:494.340    -- Comparing range 0x2000000 - 0x201FFFF (64 Sectors, 128 KB), using single-block CRC calculation
T48CC 025:566.868    -- CRC does not match, checking individual sectors
T48CC 025:591.318    -- CRC does not match for sectors 0-15
T48CC 025:611.092    -- CRC matches for sectors 16-31
T48CC 025:631.416    -- CRC matches for sectors 32-47
T48CC 025:658.666    -- CRC matches for sectors 48-63
T48CC 025:659.404    -- Comparing range 0x2020000 - 0x203FFFF (64 Sectors, 128 KB), using single-block CRC calculation
T48CC 025:730.446    -- CRC matches
T48CC 025:731.190    -- Comparing range 0x2040000 - 0x205FFFF (64 Sectors, 128 KB), using single-block CRC calculation
T48CC 025:797.142    -- CRC matches
T48CC 025:797.760    -- Comparing range 0x2060000 - 0x207FFFF (64 Sectors, 128 KB), using single-block CRC calculation
T48CC 025:863.816    -- CRC matches
T48CC 025:864.500    -- Comparing range 0x2080000 - 0x209A7FF (53 Sectors, 106 KB), using single-block CRC calculation
T48CC 025:921.134    -- CRC matches
T48CC 025:921.892    -- Comparing range 0x2008000 - 0x2027FFF (64 Sectors, 128 KB), using alternative single-block CRC calculation
T48CC 025:987.500    -- CRC matches
T48CC 025:988.160    -- Comparing range 0x2028000 - 0x2047FFF (64 Sectors, 128 KB), using alternative single-block CRC calculation
T48CC 026:053.732    -- CRC matches
T48CC 026:057.300    -- Comparing range 0x2048000 - 0x2067FFF (64 Sectors, 128 KB), using alternative single-block CRC calculation
T48CC 026:123.530    -- CRC matches
T48CC 026:124.234    -- Comparing range 0x2068000 - 0x2087FFF (64 Sectors, 128 KB), using alternative single-block CRC calculation
T48CC 026:189.288    -- CRC matches
T48CC 026:189.978    -- Comparing range 0x2088000 - 0x209A7FF (37 Sectors, 74 KB), using alternative single-block CRC calculation
T48CC 026:229.552    -- CRC matches
T48CC 026:229.604    -- End of comparing flash
T48CC 026:229.630    -- Start of erasing sectors
T48CC 026:229.660    -- Erasing range 0x02000000 - 0x02007FFF ( 16 Sectors, 32 KB)
T48CC 026:297.814    -- End of erasing sectors
T48CC 026:297.892    -- Start of flash programming
T48CC 026:297.934    -- Programming range 0x02000000 - 0x02007FFF ( 16 Sectors, 32 KB)
T48CC 026:577.312    -- End of flash programming
T48CC 026:577.364    -- 0x2000000 - 0x2007FFF ( 16 Sectors, 32 KB)
T48CC 026:577.396    -- Start of verifying flash
T48CC 026:577.424    -- Checksum calculation was estimated as fastest method
T48CC 026:577.450    -- Checksum is not supported by this flash bank. Switched to read back method.
T48CC 026:614.652    -- End of verifying flash
T48CC 026:614.708    -- Start of restoring
T48CC 026:614.734    -- Executing SEGGER_FL_Restore()
T48CC 026:621.052    -- Restoring target memory
T48CC 026:721.168    -- Restoring CPU registers
T48CC 026:721.752    -- End of restoring
T48CC 026:721.804    -- Bank 0 @ 0x02000000: 1 range affected (32768 bytes)
T48CC 026:721.836    -- Total: 1.453s (Prepare: 0.150s, Compare: 0.810s, Erase: 0.068s, Program: 0.299s, Verify: 0.017s, Restore: 0.107s)
T48CC 026:721.874    -- Program speed: 106 KB/s
T48CC 026:743.356    -- --------------------------------------
T48CC 026:743.412    -- Start of determining flash info (Bank @ 0x02C9F020)
T48CC 026:743.440    -- End of determining flash info
T48CC 026:743.466    -- Start of determining dirty areas in flash cache
T48CC 026:743.492    -- Filling invalid ranges in sector buffer (flash cache) for sector @ 0x02C9F040 if necessary
T48CC 026:743.524    -- Filling invalid ranges in sector buffer (flash cache) for sector @ 0x02C9F0C0 if necessary
T48CC 026:743.554    -- Filling invalid ranges in sector buffer (flash cache) for sector @ 0x02C9F120 if necessary
T48CC 026:743.600    -- End of determining dirty areas
T48CC 026:743.626    -- Start of preparing flash programming
T48CC 026:743.650    -- Preparing RAMCode
T48CC 026:743.674    -- Calculating RAM usage
T48CC 026:743.700    -- RAM usage = 3472 Bytes
T48CC 026:743.724    -- Preserving CPU registers
T48CC 026:743.828    -- Preparing memory
T48CC 026:743.852    -- Preparing target
T48CC 026:743.876    -- Preserving target RAM temporarily used for programming
T48CC 026:764.424    -- Downloading RAMCode
T48CC 026:787.700    -- Initializing RAMCode (InitType: 3 = Verify)
T48CC 026:787.754    -- Executing SEGGER_FL_Prepare(3)
T48CC 026:795.476    -- End of preparing flash programming
T48CC 026:812.660    -- CPU speed could not be measured.
T48CC 026:812.714    -- Start of comparing flash
T48CC 026:812.740    -- CRC check was estimated as fastest method
T48CC 026:947.088    -- Comparing range 0x2C9F040 - 0x2C9F04F (1 Sector, 16 Bytes), using single-block CRC calculation
T48CC 026:957.930    -- CRC matches
T48CC 026:959.588    -- Comparing range 0x2C9F0C0 - 0x2C9F0CF (1 Sector, 16 Bytes), using single-block CRC calculation
T48CC 026:968.564    -- CRC matches
T48CC 026:969.724    -- Comparing range 0x2C9F120 - 0x2C9F12F (1 Sector, 16 Bytes), using single-block CRC calculation
T48CC 026:988.636    -- CRC matches
T48CC 026:990.438    -- Comparing range 0x2C9F040 - 0x2C9F04F (1 Sector, 16 Bytes), using alternative single-block CRC calculation
T48CC 026:997.546    -- CRC matches
T48CC 026:998.138    -- Comparing range 0x2C9F0C0 - 0x2C9F0CF (1 Sector, 16 Bytes), using alternative single-block CRC calculation
T48CC 027:006.300    -- CRC matches
T48CC 027:006.816    -- Comparing range 0x2C9F120 - 0x2C9F12F (1 Sector, 16 Bytes), using alternative single-block CRC calculation
T48CC 027:011.350    -- CRC matches
T48CC 027:011.382    -- End of comparing flash
T48CC 027:011.398    -- Start of erasing sectors
T48CC 027:011.414    -- End of erasing sectors
T48CC 027:011.428    -- Start of flash programming
T48CC 027:011.440    -- End of flash programming
T48CC 027:011.452    -- Start of verifying flash
T48CC 027:011.468    -- End of verifying flash
T48CC 027:011.482    -- Start of restoring
T48CC 027:011.494    -- Executing SEGGER_FL_Restore()
T48CC 027:017.530    -- Restoring target memory
T48CC 027:036.972    -- Restoring CPU registers
T48CC 027:037.460    -- End of restoring
T48CC 027:037.488    -- Bank 1 @ 0x02C9F020: Skipped. Contents already match
T48CC 027:037.504    -- Bank 1 @ 0x02C9F020: Skipped. Contents already match
T48CC 027:258.640 - 1997.191ms returns 32768 (0x8000)
T48CC 027:260.396 JLINK_WriteReg(R15 (PC), 0x02008054)
T48CC 027:260.436 - 0.041ms returns 0
T48CC 027:260.448 JLINK_WriteReg(XPSR, 0x01000000)
T48CC 027:260.458 - 0.009ms returns 0
T48CC 027:261.552 JLINK_ResetPullsRESET(ON)
T48CC 027:261.600 - 0.050ms 
T48CC 027:261.642 JLINK_Halt()
T48CC 027:261.654 - 0.013ms returns 0x00
T48CC 027:261.680 JLINK_IsHalted()
T48CC 027:261.700 - 0.017ms returns TRUE
T48CC 027:261.712 JLINK_Reset()
T48CC 027:261.754   ResetTarget() start
T48CC 027:261.766    J-Link Script File: Executing ResetTarget()
T48CC 027:261.786   CPU_ReadMem(4 bytes @ 0xE000ED44)
T48CC 027:262.176   CPU_ReadMem(4 bytes @ 0xE000EE08)
T48CC 027:262.596   CPU_WriteMem(4 bytes @ 0xE000EE08)
T48CC 027:263.028   CPU_ReadMem(4 bytes @ 0xE000EE08)
T48CC 027:263.388   Reset: ARMv8M core with Security Extension enabled detected. Switch to secure domain.
T48CC 027:263.408   Reset: Halt core after reset via DEMCR.VC_CORERESET.
T48CC 027:263.428   CPU_WriteMem(4 bytes @ 0xE000EDF0)
T48CC 027:263.834   CPU_WriteMem(4 bytes @ 0xE000EDFC)
T48CC 027:265.638   Reset: Reset device via AIRCR.SYSRESETREQ.
T48CC 027:265.686   CPU_WriteMem(4 bytes @ 0xE000ED0C)
T48CC 027:317.670   CPU_ReadMem(4 bytes @ 0xE000EDF0)
T48CC 027:318.132   CPU_ReadMem(4 bytes @ 0xE000EDF0)
T48CC 027:318.554   CPU_WriteMem(4 bytes @ 0xE000EDFC)
T48CC 027:318.966   ResetTarget() end - Took 57.1ms
T48CC 027:318.986   Device specific reset executed.
T48CC 027:323.088   CPU_WriteMem(4 bytes @ 0xE0002000)
T48CC 027:323.542   CPU_ReadMem(4 bytes @ 0xE000EDFC)
T48CC 027:324.042   CPU_ReadMem(4 bytes @ 0xE0001000)
T48CC 027:324.554   CPU_ReadMem(4 bytes @ 0xE000EE08)
T48CC 027:325.034 - 63.321ms 
T48CC 027:325.076 JLINK_SetEndian(ARM_ENDIAN_LITTLE)
T48CC 027:325.084 - 0.012ms returns 0
T48CC 027:353.844 JLINK_ReadMem(0x02008054, 0x4 Bytes, ...)
T48CC 027:353.888    -- Read from flash cache (4 bytes @ 0x02008054)
T48CC 027:353.924   Data:  08 B5 00 F0
T48CC 027:353.940 - 0.096ms returns 0
T48CC 027:372.368 JLINK_ReadMem(0x02008054, 0x4 Bytes, ...)
T48CC 027:372.412    -- Read from flash cache (4 bytes @ 0x02008054)
T48CC 027:372.448   Data:  08 B5 00 F0
T48CC 027:372.460 - 0.095ms returns 0
T48CC 027:621.594 JLINK_GetNumBPUnits(Type = 0xFFFFFF00)
T48CC 027:621.668 - 0.075ms returns 0x08
T48CC 027:621.680 JLINK_GetNumWPUnits()
T48CC 027:621.686 - 0.007ms returns 8
T48CC 027:621.702 JLINK_GetNumBPUnits(Type = 0xFFFFFF00)
T48CC 027:621.712 - 0.008ms returns 0x08
T48CC 027:621.722 JLINK_GetNumWPUnits()
T48CC 027:621.728 - 0.007ms returns 8
T48CC 027:621.740 JLINK_GetNumBPUnits(Type = 0xFFFFFF00)
T48CC 027:621.750 - 0.008ms returns 0x08
T48CC 027:621.760 JLINK_GetNumWPUnits()
T48CC 027:621.766 - 0.007ms returns 8
T48CC 027:621.808 JLINK_SetBPEx(Addr = 0x020053A0, Type = 0xFFFFFF00)
T48CC 027:621.824 - 0.014ms returns 0x00000001
T48CC 027:621.836 JLINK_ClrBPEx(BPHandle = 0x00000001)
T48CC 027:621.846 - 0.008ms returns 0x00
T48CC 027:624.220 JLINK_ReadMem(0x02005380, 0x40 Bytes, ...)
T48CC 027:624.268    -- Read from flash cache (64 bytes @ 0x02005380)
T48CC 027:624.304   Data:  A4 03 01 02 E8 02 01 02 02 28 00 D0 70 47 02 49 ...
T48CC 027:624.332 - 0.099ms returns 0
T48CC 027:625.100 JLINK_ReadMem(0x020053A0, 0x2 Bytes, ...)
T48CC 027:625.126    -- Read from flash cache (2 bytes @ 0x020053A0)
T48CC 027:625.142   Data:  08 B5
T48CC 027:625.156 - 0.053ms returns 0
T48CC 027:625.878 JLINK_SetBPEx(Addr = 0x020053A0, Type = 0xFFFFFF00)
T48CC 027:625.920 - 0.041ms returns 0x00000002
T48CC 027:794.054 JLINK_ReadRegs(NumRegs = 20)
T48CC 027:794.106   CPU_ReadMem(4 bytes @ 0xE000EE08)
T48CC 027:794.544   
  R0 (0)        = 0x00                 R1 (1)        = 0x00                 R2 (2)        = 0x00                 R3 (3)        = 0x00              
  R4 (4)        = 0x00                 R5 (5)        = 0x00                 R6 (6)        = 0x00                 R7 (7)        = 0x00              
  R8 (8)        = 0x00                 R9 (9)        = 0x00                 R10 (10)      = 0x00                 R11 (11)      = 0x00              
  R12 (12)      = 0x00                 R13 (SP) (13) = 0x22008240           R14 (14)      = 0xFFFFFFFF           R15 (PC) (15) = 0x2008054         
  XPSR (16)     = 0x1000000            MSPLIM (86)   = 0x00                 PSPLIM (87)   = 0x00                 CFBP (20)     = 0x00              
T48CC 027:794.580 - 0.524ms returns 0x00
T48CC 027:796.326 JLINK_ReadMem(0x02008054, 0x4 Bytes, ...)
T48CC 027:796.364    -- Read from flash cache (4 bytes @ 0x02008054)
T48CC 027:796.384   Data:  08 B5 00 F0
T48CC 027:796.404 - 0.078ms returns 0
T1CB8 027:861.684 JLINK_GetNumBPUnits(Type = 0xFFFFFF00)
T1CB8 027:861.716 - 0.032ms returns 0x08
T1CB8 027:861.728 JLINK_GetNumWPUnits()
T1CB8 027:861.738 - 0.008ms returns 8
T1CB8 027:862.132 JLINK_GetNumBPUnits(Type = 0xFFFFFF00)
T1CB8 027:862.150 - 0.021ms returns 0x08
T1CB8 027:862.164 JLINK_GetNumWPUnits()
T1CB8 027:862.172 - 0.008ms returns 8
T1CB8 027:862.634 JLINK_GetNumBPUnits(Type = 0xFFFFFF00)
T1CB8 027:862.668 - 0.032ms returns 0x08
T1CB8 027:862.684 JLINK_GetNumWPUnits()
T1CB8 027:862.698 - 0.013ms returns 8
T1CB8 027:863.334 JLINK_GetNumBPUnits(Type = 0xFFFFFF00)
T1CB8 027:863.360 - 0.028ms returns 0x08
T1CB8 027:863.376 JLINK_GetNumWPUnits()
T1CB8 027:863.386 - 0.009ms returns 8
T1CB8 027:864.588 JLINK_GetNumBPUnits(Type = 0xFFFFFF00)
T1CB8 027:864.624 - 0.036ms returns 0x08
T1CB8 027:864.644 JLINK_GetNumWPUnits()
T1CB8 027:864.668 - 0.022ms returns 8
T1CB8 027:867.636 JLINK_ReadReg(XPSR)
T1CB8 027:868.108 - 0.475ms returns 0x01000000
T1CB8 027:868.144 JLINK_ReadReg(R15 (PC))
T1CB8 027:868.170 - 0.023ms returns 0x02008054
T1CB8 027:868.694 JLINK_GetNumBPUnits(Type = 0xFFFFFF00)
T1CB8 027:868.726 - 0.033ms returns 0x08
T1CB8 027:868.746 JLINK_GetNumWPUnits()
T1CB8 027:868.758 - 0.012ms returns 8
T1CB8 027:869.274 JLINK_GetNumBPUnits(Type = 0xFFFFFF00)
T1CB8 027:869.302 - 0.028ms returns 0x08
T1CB8 027:869.322 JLINK_GetNumWPUnits()
T1CB8 027:869.334 - 0.013ms returns 8
T1CB8 027:869.964 JLINK_GetNumBPUnits(Type = 0xFFFFFF00)
T1CB8 027:869.988 - 0.023ms returns 0x08
T1CB8 027:870.000 JLINK_GetNumWPUnits()
T1CB8 027:870.010 - 0.008ms returns 8
T48CC 028:003.892 JLINK_ReadMem(0x02008054, 0x4 Bytes, ...)
T48CC 028:003.942    -- Read from flash cache (4 bytes @ 0x02008054)
T48CC 028:003.964   Data:  08 B5 00 F0
T48CC 028:003.984 - 0.093ms returns 0
T48CC 032:882.768 JLINK_IsHalted()
T48CC 032:883.274 - 0.503ms returns TRUE
T48CC 032:883.300 JLINK_GoEx(MaxEmulInsts = 0, Flags = 0x01)
T48CC 032:883.318   CPU_WriteMem(4 bytes @ 0xE0002000)
T48CC 032:883.708   CPU_ReadMem(4 bytes @ 0xE0001000)
T48CC 032:884.106   CPU_WriteMem(4 bytes @ 0xE0002008)
T48CC 032:884.166   CPU_WriteMem(4 bytes @ 0xE000200C)
T48CC 032:884.186   CPU_WriteMem(4 bytes @ 0xE0002010)
T48CC 032:884.204   CPU_WriteMem(4 bytes @ 0xE0002014)
T48CC 032:884.224   CPU_WriteMem(4 bytes @ 0xE0002018)
T48CC 032:884.244   CPU_WriteMem(4 bytes @ 0xE000201C)
T48CC 032:884.262   CPU_WriteMem(4 bytes @ 0xE0002020)
T48CC 032:884.284   CPU_WriteMem(4 bytes @ 0xE0002024)
T48CC 032:885.884   CPU_WriteMem(4 bytes @ 0xE0001004)
T48CC 032:886.948   Memory map 'after startup completion point' is active
T48CC 032:886.988 - 3.689ms 
T48CC 032:981.108 JLINK_IsHalted()
T48CC 032:984.736 - 3.627ms returns TRUE
T48CC 032:984.774 JLINK_ReadReg(XPSR)
T48CC 032:984.790   CPU_ReadMem(4 bytes @ 0xE000EE08)
T48CC 032:985.270 - 0.492ms returns 0x61000000
T48CC 032:985.296 JLINK_ReadReg(R15 (PC))
T48CC 032:985.308 - 0.013ms returns 0x020053A0
T48CC 032:985.328 JLINK_ReadReg(XPSR)
T48CC 032:985.338 - 0.011ms returns 0x61000000
T48CC 032:985.350 JLINK_ReadReg(XPSR)
T48CC 032:985.364 - 0.010ms returns 0x61000000
T48CC 032:985.380 JLINK_ReadReg(R15 (PC))
T48CC 032:985.402 - 0.021ms returns 0x020053A0
T48CC 032:985.414 JLINK_ReadReg(XPSR)
T48CC 032:985.424 - 0.010ms returns 0x61000000
T48CC 032:985.436 JLINK_ReadReg(XPSR)
T48CC 032:985.446 - 0.009ms returns 0x61000000
T48CC 032:985.460 JLINK_ReadMem(0x020053A0, 0x1 Bytes, ...)
T48CC 032:985.472    -- Read from flash cache (1 bytes @ 0x020053A0)
T48CC 032:985.484   Data:  08
T48CC 032:985.500 - 0.039ms returns 0
T48CC 032:985.510 JLINK_IsHalted()
T48CC 032:985.520 - 0.009ms returns TRUE
T48CC 032:985.532 JLINK_ReadReg(XPSR)
T48CC 032:985.542 - 0.009ms returns 0x61000000
T48CC 032:985.556 JLINK_ReadReg(XPSR)
T48CC 032:985.564 - 0.009ms returns 0x61000000
T48CC 032:985.574 JLINK_ReadReg(R15 (PC))
T48CC 032:985.584 - 0.009ms returns 0x020053A0
T48CC 032:985.596 JLINK_ReadReg(XPSR)
T48CC 032:985.606 - 0.009ms returns 0x61000000
T48CC 032:985.620 JLINK_ReadReg(XPSR)
T48CC 032:985.628 - 0.009ms returns 0x61000000
T48CC 032:985.638 JLINK_ReadMem(0x020053A0, 0x1 Bytes, ...)
T48CC 032:985.648    -- Read from flash cache (1 bytes @ 0x020053A0)
T48CC 032:985.660   Data:  08
T48CC 032:985.674 - 0.035ms returns 0
T48CC 032:985.760 JLINK_IsHalted()
T48CC 032:985.772 - 0.012ms returns TRUE
T48CC 032:985.786 JLINK_ReadReg(XPSR)
T48CC 032:985.796 - 0.010ms returns 0x61000000
T48CC 032:985.808 JLINK_ReadReg(R15 (PC))
T48CC 032:985.818 - 0.009ms returns 0x020053A0
T48CC 032:985.830 JLINK_ReadReg(XPSR)
T48CC 032:985.840 - 0.009ms returns 0x61000000
T48CC 032:985.850 JLINK_ReadReg(XPSR)
T48CC 032:985.860 - 0.009ms returns 0x61000000
T48CC 032:985.872 JLINK_ReadReg(R15 (PC))
T48CC 032:985.884 - 0.012ms returns 0x020053A0
T48CC 032:985.900 JLINK_ReadReg(XPSR)
T48CC 032:985.910 - 0.010ms returns 0x61000000
T48CC 032:985.984 JLINK_ReadReg(XPSR)
T48CC 032:986.000 - 0.017ms returns 0x61000000
T48CC 032:986.012 JLINK_ReadMem(0x020053A0, 0x1 Bytes, ...)
T48CC 032:986.022    -- Read from flash cache (1 bytes @ 0x020053A0)
T48CC 032:986.036   Data:  08
T48CC 032:986.048 - 0.036ms returns 0
T48CC 032:986.060 JLINK_IsHalted()
T48CC 032:986.070 - 0.009ms returns TRUE
T48CC 032:986.080 JLINK_ReadReg(XPSR)
T48CC 032:986.092 - 0.009ms returns 0x61000000
T48CC 032:986.102 JLINK_ReadReg(XPSR)
T48CC 032:986.112 - 0.009ms returns 0x61000000
T48CC 032:986.124 JLINK_ReadReg(R15 (PC))
T48CC 032:986.134 - 0.009ms returns 0x020053A0
T48CC 032:986.148 JLINK_ReadReg(XPSR)
T48CC 032:986.156 - 0.009ms returns 0x61000000
T48CC 032:986.166 JLINK_ReadReg(XPSR)
T48CC 032:986.176 - 0.009ms returns 0x61000000
T48CC 032:986.188 JLINK_ReadMem(0x020053A0, 0x1 Bytes, ...)
T48CC 032:986.220    -- Read from flash cache (1 bytes @ 0x020053A0)
T48CC 032:986.234   Data:  08
T48CC 032:986.246 - 0.057ms returns 0
T48CC 032:987.116 JLINK_ReadRegs(NumRegs = 20)
T48CC 032:987.350   
  R0 (0)        = 0x00                 R1 (1)        = 0x2EA                R2 (2)        = 0x0B                 R3 (3)        = 0x00              
  R4 (4)        = 0x00                 R5 (5)        = 0x00                 R6 (6)        = 0x00                 R7 (7)        = 0x00              
  R8 (8)        = 0x00                 R9 (9)        = 0x00                 R10 (10)      = 0x00                 R11 (11)      = 0x00              
  R12 (12)      = 0x18CA               R13 (SP) (13) = 0x22008238           R14 (14)      = 0x200805F            R15 (PC) (15) = 0x20053A0         
  XPSR (16)     = 0x61000000           MSPLIM (86)   = 0x22004240           PSPLIM (87)   = 0x00                 CFBP (20)     = 0xC000000         
T48CC 032:987.370 - 0.255ms returns 0x00
T48CC 032:989.402 JLINK_ReadMem(0x020053A0, 0x4 Bytes, ...)
T48CC 032:989.460    -- Read from flash cache (4 bytes @ 0x020053A0)
T48CC 032:989.476   Data:  08 B5 FF F7
T48CC 032:989.510 - 0.109ms returns 0
T48CC 032:990.580 JLINK_ClrBPEx(BPHandle = 0x00000002)
T48CC 032:990.630 - 0.047ms returns 0x00
T1CB8 032:993.796 JLINK_ReadReg(XPSR)
T1CB8 032:993.856 - 0.062ms returns 0x61000000
T1CB8 032:993.872 JLINK_ReadReg(R15 (PC))
T1CB8 032:993.884 - 0.011ms returns 0x020053A0
T1CB8 032:994.316 JLINK_IsHalted()
T1CB8 032:994.340 - 0.024ms returns TRUE
T1CB8 032:994.356 JLINK_ReadReg(XPSR)
T1CB8 032:994.400 - 0.043ms returns 0x61000000
T1CB8 032:994.458 JLINK_ReadReg(R15 (PC))
T1CB8 032:994.486 - 0.027ms returns 0x020053A0
T1CB8 032:994.508 JLINK_ReadReg(XPSR)
T1CB8 032:994.538 - 0.026ms returns 0x61000000
T1CB8 032:994.548 JLINK_ReadReg(XPSR)
T1CB8 032:994.580 - 0.009ms returns 0x61000000
T1CB8 032:994.592 JLINK_ReadReg(R15 (PC))
T1CB8 032:994.602 - 0.010ms returns 0x020053A0
T1CB8 032:994.618 JLINK_ReadReg(XPSR)
T1CB8 032:994.646 - 0.028ms returns 0x61000000
T1CB8 032:994.656 JLINK_ReadReg(XPSR)
T1CB8 032:994.666 - 0.009ms returns 0x61000000
T1CB8 032:994.678 JLINK_ReadMem(0x020053A0, 0x1 Bytes, ...)
T1CB8 032:994.694    -- Read from flash cache (1 bytes @ 0x020053A0)
T1CB8 032:994.708   Data:  08
T1CB8 032:994.736 - 0.055ms returns 0
T1CB8 032:994.746 JLINK_IsHalted()
T1CB8 032:994.752 - 0.008ms returns TRUE
T1CB8 032:994.764 JLINK_ReadReg(XPSR)
T1CB8 032:994.772 - 0.008ms returns 0x61000000
T1CB8 032:994.784 JLINK_ReadReg(XPSR)
T1CB8 032:994.790 - 0.008ms returns 0x61000000
T1CB8 032:994.804 JLINK_ReadReg(R15 (PC))
T1CB8 032:994.810 - 0.008ms returns 0x020053A0
T1CB8 032:994.822 JLINK_ReadReg(XPSR)
T1CB8 032:994.852 - 0.030ms returns 0x61000000
T1CB8 032:994.864 JLINK_ReadReg(XPSR)
T1CB8 032:994.874 - 0.009ms returns 0x61000000
T1CB8 032:994.884 JLINK_ReadMem(0x020053A0, 0x1 Bytes, ...)
T1CB8 032:994.892    -- Read from flash cache (1 bytes @ 0x020053A0)
T1CB8 032:994.906   Data:  08
T1CB8 032:994.918 - 0.035ms returns 0
T1CB8 032:994.992 JLINK_ReadMem(0xE0001000, 0x4 Bytes, ...)
T1CB8 032:995.008   CPU_ReadMem(4 bytes @ 0xE0001000)
T1CB8 032:995.472   Data:  01 00 00 80
T1CB8 032:995.612   Debug reg: DWT_CTRL
T1CB8 032:995.626 - 0.635ms returns 0
T1CB8 032:995.692 JLINK_WriteMem(0xE0001FB0, 0x8 Bytes, ...)
T1CB8 032:995.706   Data:  00 00 00 00 55 CE AC C5
T1CB8 032:996.294   CPU_WriteMem(8 bytes @ 0xE0001FB0)
T1CB8 032:996.810 - 1.115ms returns 0x8
T1CB8 032:996.864 JLINK_ReadMem(0xE000EDFC, 0x4 Bytes, ...)
T1CB8 032:996.884   CPU_ReadMem(4 bytes @ 0xE000EDFC)
T1CB8 032:997.308   Data:  00 00 10 01
T1CB8 032:997.332   Debug reg: DEMCR
T1CB8 032:997.344 - 0.479ms returns 0
T1CB8 033:006.916 JLINK_ReadMem(0xE0001004, 0x4 Bytes, ...)
T1CB8 033:006.988   CPU_ReadMem(4 bytes @ 0xE0001004)
T1CB8 033:007.580   Data:  C9 28 42 00
T1CB8 033:007.604   Debug reg: DWT_CYCCNT
T1CB8 033:007.616 - 0.702ms returns 0
T48CC 033:021.302 JLINK_ReadMem(0x020053A0, 0x4 Bytes, ...)
T48CC 033:021.334    -- Read from flash cache (4 bytes @ 0x020053A0)
T48CC 033:021.350   Data:  08 B5 FF F7
T48CC 033:021.382 - 0.078ms returns 0
T48CC 033:196.732 JLINK_ReadMem(0xE0001004, 0x4 Bytes, ...)
T48CC 033:196.812   Data:  C9 28 42 00
T48CC 033:196.842   Debug reg: DWT_CYCCNT
T48CC 033:196.854 - 0.125ms returns 0
T48CC 033:196.870 JLINK_IsHalted()
T48CC 033:196.880 - 0.009ms returns TRUE
T48CC 033:200.214 JLINK_ReadMem(0xE0001004, 0x4 Bytes, ...)
T48CC 033:200.250   Data:  C9 28 42 00
T48CC 033:200.262   Debug reg: DWT_CYCCNT
T48CC 033:200.276 - 0.060ms returns 0
T48CC 033:200.288 JLINK_GoEx(MaxEmulInsts = 0, Flags = 0x01)
T48CC 033:200.310   CPU_ReadMem(4 bytes @ 0xE0001000)
T48CC 033:200.772   CPU_WriteMem(4 bytes @ 0xE0002008)
T48CC 033:201.936 - 1.648ms 
T48CC 033:309.536 JLINK_IsHalted()
T48CC 033:310.038 - 0.498ms returns FALSE
T48CC 033:310.096 JLINK_IsHalted()
T48CC 033:310.452 - 0.354ms returns FALSE
T48CC 033:418.380 JLINK_IsHalted()
T48CC 033:418.790 - 0.410ms returns FALSE
T48CC 033:418.812 JLINK_IsHalted()
T48CC 033:419.242 - 0.402ms returns FALSE
T48CC 033:528.346 JLINK_IsHalted()
T48CC 033:528.768 - 0.422ms returns FALSE
T48CC 033:528.790 JLINK_IsHalted()
T48CC 033:529.142 - 0.351ms returns FALSE
T48CC 033:637.224 JLINK_IsHalted()
T48CC 033:637.620 - 0.394ms returns FALSE
T48CC 033:637.640 JLINK_IsHalted()
T48CC 033:638.000 - 0.357ms returns FALSE
T48CC 033:747.380 JLINK_IsHalted()
T48CC 033:747.816 - 0.434ms returns FALSE
T48CC 033:747.836 JLINK_IsHalted()
T48CC 033:748.280 - 0.442ms returns FALSE
T48CC 033:855.816 JLINK_IsHalted()
T48CC 033:856.280 - 0.463ms returns FALSE
T48CC 033:856.296 JLINK_IsHalted()
T48CC 033:856.664 - 0.364ms returns FALSE
T48CC 033:965.192 JLINK_IsHalted()
T48CC 033:965.784 - 0.587ms returns FALSE
T48CC 033:965.828 JLINK_IsHalted()
T48CC 033:966.376 - 0.546ms returns FALSE
T48CC 034:075.176 JLINK_IsHalted()
T48CC 034:075.616 - 0.436ms returns FALSE
T48CC 034:075.636 JLINK_IsHalted()
T48CC 034:076.080 - 0.443ms returns FALSE
T48CC 034:183.928 JLINK_IsHalted()
T48CC 034:184.504 - 0.573ms returns FALSE
T48CC 034:184.552 JLINK_IsHalted()
T48CC 034:185.044 - 0.493ms returns FALSE
T1CB8 034:197.504 JLINK_IsHalted()
T1CB8 034:198.080 - 0.575ms returns FALSE
T1CB8 034:198.128 JLINK_IsHalted()
T1CB8 034:198.608 - 0.478ms returns FALSE
T48CC 034:293.976 JLINK_IsHalted()
T48CC 034:294.616 - 0.639ms returns FALSE
T48CC 034:294.688 JLINK_IsHalted()
T48CC 034:295.448 - 0.757ms returns FALSE
T48CC 034:403.196 JLINK_IsHalted()
T48CC 034:403.900 - 0.702ms returns FALSE
T48CC 034:404.024 JLINK_IsHalted()
T48CC 034:404.596 - 0.566ms returns FALSE
T48CC 034:512.296 JLINK_IsHalted()
T48CC 034:512.788 - 0.491ms returns FALSE
T48CC 034:512.832 JLINK_IsHalted()
T48CC 034:513.336 - 0.502ms returns FALSE
T48CC 034:621.572 JLINK_IsHalted()
T48CC 034:622.168 - 0.594ms returns FALSE
T48CC 034:622.288 JLINK_IsHalted()
T48CC 034:622.800 - 0.510ms returns FALSE
T48CC 034:731.448 JLINK_IsHalted()
T48CC 034:732.032 - 0.581ms returns FALSE
T48CC 034:732.092 JLINK_IsHalted()
T48CC 034:732.608 - 0.511ms returns FALSE
T48CC 034:840.220 JLINK_IsHalted()
T48CC 034:840.812 - 0.589ms returns FALSE
T48CC 034:840.868 JLINK_IsHalted()
T48CC 034:841.588 - 0.716ms returns FALSE
T48CC 034:949.828 JLINK_IsHalted()
T48CC 034:950.324 - 0.495ms returns FALSE
T48CC 034:950.368 JLINK_IsHalted()
T48CC 034:950.856 - 0.485ms returns FALSE
T48CC 035:059.540 JLINK_IsHalted()
T48CC 035:060.208 - 0.666ms returns FALSE
T48CC 035:060.280 JLINK_IsHalted()
T48CC 035:060.960 - 0.676ms returns FALSE
T48CC 035:168.728 JLINK_IsHalted()
T48CC 035:169.464 - 0.730ms returns FALSE
T48CC 035:169.536 JLINK_IsHalted()
T48CC 035:170.196 - 0.655ms returns FALSE
T1CB8 035:199.928 JLINK_IsHalted()
T1CB8 035:200.600 - 0.672ms returns FALSE
T1CB8 035:200.680 JLINK_IsHalted()
T1CB8 035:201.212 - 0.531ms returns FALSE
T48CC 035:277.752 JLINK_IsHalted()
T48CC 035:278.428 - 0.677ms returns FALSE
T48CC 035:278.504 JLINK_IsHalted()
T48CC 035:279.084 - 0.578ms returns FALSE
T48CC 035:387.492 JLINK_IsHalted()
T48CC 035:388.192 - 0.699ms returns FALSE
T48CC 035:388.264 JLINK_IsHalted()
T48CC 035:388.904 - 0.635ms returns FALSE
T48CC 035:496.452 JLINK_IsHalted()
T48CC 035:496.968 - 0.513ms returns FALSE
T48CC 035:497.012 JLINK_IsHalted()
T48CC 035:497.484 - 0.474ms returns FALSE
T48CC 035:606.584 JLINK_IsHalted()
T48CC 035:607.360 - 0.774ms returns FALSE
T48CC 035:607.440 JLINK_IsHalted()
T48CC 035:608.012 - 0.571ms returns FALSE
T48CC 035:715.428 JLINK_IsHalted()
T48CC 035:716.148 - 0.719ms returns FALSE
T48CC 035:716.224 JLINK_IsHalted()
T48CC 035:716.896 - 0.670ms returns FALSE
T48CC 035:824.776 JLINK_IsHalted()
T48CC 035:825.496 - 0.721ms returns FALSE
T48CC 035:825.568 JLINK_IsHalted()
T48CC 035:826.216 - 0.647ms returns FALSE
T48CC 035:933.748 JLINK_IsHalted()
T48CC 035:934.428 - 0.676ms returns FALSE
T48CC 035:934.500 JLINK_IsHalted()
T48CC 035:935.136 - 0.633ms returns FALSE
T48CC 036:043.832 JLINK_IsHalted()
T48CC 036:044.456 - 0.622ms returns FALSE
T48CC 036:044.512 JLINK_IsHalted()
T48CC 036:045.112 - 0.594ms returns FALSE
T48CC 036:153.608 JLINK_IsHalted()
T48CC 036:154.472 - 0.858ms returns FALSE
T48CC 036:154.548 JLINK_IsHalted()
T48CC 036:155.400 - 0.847ms returns FALSE
T1CB8 036:202.852 JLINK_IsHalted()
T1CB8 036:203.520 - 0.666ms returns FALSE
T1CB8 036:203.592 JLINK_IsHalted()
T1CB8 036:204.376 - 0.784ms returns FALSE
T48CC 036:262.552 JLINK_IsHalted()
T48CC 036:263.336 - 0.782ms returns FALSE
T48CC 036:263.416 JLINK_IsHalted()
T48CC 036:264.088 - 0.670ms returns FALSE
T48CC 036:371.480 JLINK_IsHalted()
T48CC 036:372.176 - 0.698ms returns FALSE
T48CC 036:372.248 JLINK_IsHalted()
T48CC 036:372.888 - 0.637ms returns FALSE
T48CC 036:480.700 JLINK_IsHalted()
T48CC 036:481.232 - 0.530ms returns FALSE
T48CC 036:481.296 JLINK_IsHalted()
T48CC 036:481.836 - 0.539ms returns FALSE
T48CC 036:590.548 JLINK_IsHalted()
T48CC 036:591.192 - 0.643ms returns FALSE
T48CC 036:591.292 JLINK_IsHalted()
T48CC 036:591.916 - 0.621ms returns FALSE
T48CC 036:700.020 JLINK_IsHalted()
T48CC 036:700.800 - 0.782ms returns FALSE
T48CC 036:700.876 JLINK_IsHalted()
T48CC 036:701.540 - 0.660ms returns FALSE
T48CC 036:809.756 JLINK_IsHalted()
T48CC 036:810.444 - 0.687ms returns FALSE
T48CC 036:810.520 JLINK_IsHalted()
T48CC 036:811.144 - 0.621ms returns FALSE
T48CC 036:919.128 JLINK_IsHalted()
T48CC 036:919.844 - 0.714ms returns FALSE
T48CC 036:919.980 JLINK_IsHalted()
T48CC 036:920.584 - 0.601ms returns FALSE
T48CC 037:028.164 JLINK_IsHalted()
T48CC 037:028.904 - 0.741ms returns FALSE
T48CC 037:029.000 JLINK_IsHalted()
T48CC 037:029.676 - 0.672ms returns FALSE
T48CC 037:137.976 JLINK_IsHalted()
T48CC 037:138.684 - 0.709ms returns FALSE
T48CC 037:138.760 JLINK_IsHalted()
T48CC 037:139.428 - 0.667ms returns FALSE
T1CB8 037:205.724 JLINK_IsHalted()
T1CB8 037:206.376 - 0.652ms returns FALSE
T1CB8 037:206.448 JLINK_IsHalted()
T1CB8 037:207.096 - 0.646ms returns FALSE
T48CC 037:247.088 JLINK_IsHalted()
T48CC 037:247.476 - 0.387ms returns FALSE
T48CC 037:247.496 JLINK_IsHalted()
T48CC 037:247.848 - 0.350ms returns FALSE
T48CC 037:355.928 JLINK_IsHalted()
T48CC 037:356.292 - 0.361ms returns FALSE
T48CC 037:356.368 JLINK_IsHalted()
T48CC 037:356.724 - 0.355ms returns FALSE
T48CC 037:465.024 JLINK_IsHalted()
T48CC 037:465.472 - 0.449ms returns FALSE
T48CC 037:465.496 JLINK_IsHalted()
T48CC 037:465.924 - 0.426ms returns FALSE
T48CC 037:575.092 JLINK_IsHalted()
T48CC 037:575.476 - 0.385ms returns FALSE
T48CC 037:575.496 JLINK_IsHalted()
T48CC 037:575.844 - 0.343ms returns FALSE
T48CC 037:684.040 JLINK_IsHalted()
T48CC 037:684.560 - 0.521ms returns FALSE
T48CC 037:684.600 JLINK_IsHalted()
T48CC 037:685.096 - 0.494ms returns FALSE
T48CC 037:794.120 JLINK_IsHalted()
T48CC 037:794.672 - 0.551ms returns FALSE
T48CC 037:794.716 JLINK_IsHalted()
T48CC 037:795.228 - 0.508ms returns FALSE
T48CC 037:902.512 JLINK_IsHalted()
T48CC 037:903.164 - 0.652ms returns FALSE
T48CC 037:903.240 JLINK_IsHalted()
T48CC 037:903.848 - 0.604ms returns FALSE
T48CC 038:012.420 JLINK_IsHalted()
T48CC 038:012.840 - 0.422ms returns FALSE
T48CC 038:012.872 JLINK_IsHalted()
T48CC 038:013.276 - 0.404ms returns FALSE
T48CC 038:121.512 JLINK_IsHalted()
T48CC 038:122.152 - 0.643ms returns FALSE
T48CC 038:122.208 JLINK_IsHalted()
T48CC 038:122.704 - 0.492ms returns FALSE
T1CB8 038:208.112 JLINK_IsHalted()
T1CB8 038:208.808 - 0.695ms returns FALSE
T1CB8 038:208.880 JLINK_IsHalted()
T1CB8 038:209.524 - 0.640ms returns FALSE
T48CC 038:231.580 JLINK_IsHalted()
T48CC 038:232.296 - 0.709ms returns FALSE
T48CC 038:232.376 JLINK_IsHalted()
T48CC 038:233.004 - 0.626ms returns FALSE
T48CC 038:341.820 JLINK_IsHalted()
T48CC 038:342.508 - 0.686ms returns FALSE
T48CC 038:342.580 JLINK_IsHalted()
T48CC 038:343.416 - 0.836ms returns FALSE
T48CC 038:450.200 JLINK_IsHalted()
T48CC 038:450.924 - 0.720ms returns FALSE
T48CC 038:451.000 JLINK_IsHalted()
T48CC 038:451.556 - 0.553ms returns FALSE
T48CC 038:558.892 JLINK_IsHalted()
T48CC 038:559.364 - 0.471ms returns FALSE
T48CC 038:559.408 JLINK_IsHalted()
T48CC 038:559.912 - 0.501ms returns FALSE
T48CC 038:668.944 JLINK_IsHalted()
T48CC 038:669.656 - 0.708ms returns FALSE
T48CC 038:669.752 JLINK_IsHalted()
T48CC 038:670.408 - 0.653ms returns FALSE
T48CC 038:778.156 JLINK_IsHalted()
T48CC 038:778.848 - 0.688ms returns FALSE
T48CC 038:778.920 JLINK_IsHalted()
T48CC 038:779.616 - 0.694ms returns FALSE
T48CC 038:887.368 JLINK_IsHalted()
T48CC 038:888.112 - 0.741ms returns FALSE
T48CC 038:888.220 JLINK_IsHalted()
T48CC 038:888.812 - 0.592ms returns FALSE
T48CC 038:996.276 JLINK_IsHalted()
T48CC 038:997.012 - 0.735ms returns FALSE
T48CC 038:997.224 JLINK_IsHalted()
T48CC 038:997.896 - 0.670ms returns FALSE
T48CC 039:105.976 JLINK_IsHalted()
T48CC 039:106.520 - 0.545ms returns FALSE
T48CC 039:106.568 JLINK_IsHalted()
T48CC 039:107.064 - 0.494ms returns FALSE
T1CB8 039:210.544 JLINK_IsHalted()
T1CB8 039:210.952 - 0.411ms returns FALSE
T1CB8 039:210.996 JLINK_IsHalted()
T1CB8 039:211.376 - 0.380ms returns FALSE
T48CC 039:215.576 JLINK_IsHalted()
T48CC 039:216.004 - 0.424ms returns FALSE
T48CC 039:216.036 JLINK_IsHalted()
T48CC 039:216.488 - 0.451ms returns FALSE
T48CC 039:324.644 JLINK_IsHalted()
T48CC 039:325.048 - 0.407ms returns FALSE
T48CC 039:325.072 JLINK_IsHalted()
T48CC 039:325.444 - 0.372ms returns FALSE
T48CC 039:434.200 JLINK_IsHalted()
T48CC 039:434.796 - 0.594ms returns FALSE
T48CC 039:434.872 JLINK_IsHalted()
T48CC 039:435.316 - 0.443ms returns FALSE
T48CC 039:544.088 JLINK_IsHalted()
T48CC 039:544.584 - 0.492ms returns FALSE
T48CC 039:544.632 JLINK_IsHalted()
T48CC 039:545.100 - 0.470ms returns FALSE
T48CC 039:652.700 JLINK_IsHalted()
T48CC 039:653.256 - 0.552ms returns FALSE
T48CC 039:653.296 JLINK_IsHalted()
T48CC 039:653.732 - 0.434ms returns FALSE
T48CC 039:762.012 JLINK_IsHalted()
T48CC 039:762.648 - 0.631ms returns FALSE
T48CC 039:762.704 JLINK_IsHalted()
T48CC 039:763.308 - 0.603ms returns FALSE
T48CC 039:872.188 JLINK_IsHalted()
T48CC 039:872.840 - 0.652ms returns FALSE
T48CC 039:872.900 JLINK_IsHalted()
T48CC 039:873.480 - 0.579ms returns FALSE
T48CC 039:980.888 JLINK_IsHalted()
T48CC 039:981.512 - 0.625ms returns FALSE
T48CC 039:981.616 JLINK_IsHalted()
T48CC 039:982.360 - 0.743ms returns FALSE
T48CC 040:090.140 JLINK_IsHalted()
T48CC 040:090.704 - 0.562ms returns FALSE
T48CC 040:090.744 JLINK_IsHalted()
T48CC 040:091.224 - 0.475ms returns FALSE
T48CC 040:200.176 JLINK_IsHalted()
T48CC 040:200.760 - 0.582ms returns FALSE
T48CC 040:200.804 JLINK_IsHalted()
T48CC 040:201.320 - 0.515ms returns FALSE
T1CB8 040:212.540 JLINK_IsHalted()
T1CB8 040:213.076 - 0.532ms returns FALSE
T1CB8 040:213.132 JLINK_IsHalted()
T1CB8 040:213.644 - 0.510ms returns FALSE
T48CC 040:309.244 JLINK_IsHalted()
T48CC 040:310.108 - 0.862ms returns FALSE
T48CC 040:310.200 JLINK_IsHalted()
T48CC 040:310.840 - 0.638ms returns FALSE
T48CC 040:419.100 JLINK_IsHalted()
T48CC 040:419.692 - 0.589ms returns FALSE
T48CC 040:419.748 JLINK_IsHalted()
T48CC 040:420.264 - 0.512ms returns FALSE
T48CC 040:527.880 JLINK_IsHalted()
T48CC 040:528.404 - 0.521ms returns FALSE
T48CC 040:528.448 JLINK_IsHalted()
T48CC 040:528.924 - 0.475ms returns FALSE
T48CC 040:637.472 JLINK_IsHalted()
T48CC 040:638.072 - 0.597ms returns FALSE
T48CC 040:638.124 JLINK_IsHalted()
T48CC 040:638.692 - 0.565ms returns FALSE
T48CC 040:746.728 JLINK_IsHalted()
T48CC 040:747.368 - 0.639ms returns FALSE
T48CC 040:747.428 JLINK_IsHalted()
T48CC 040:747.996 - 0.567ms returns FALSE
T48CC 040:856.072 JLINK_IsHalted()
T48CC 040:856.892 - 0.823ms returns FALSE
T48CC 040:856.952 JLINK_IsHalted()
T48CC 040:857.448 - 0.493ms returns FALSE
T48CC 040:965.416 JLINK_IsHalted()
T48CC 040:966.056 - 0.641ms returns FALSE
T48CC 040:966.128 JLINK_IsHalted()
T48CC 040:966.700 - 0.570ms returns FALSE
T48CC 041:075.436 JLINK_IsHalted()
T48CC 041:076.148 - 0.707ms returns FALSE
T48CC 041:076.232 JLINK_IsHalted()
T48CC 041:076.896 - 0.660ms returns FALSE
T48CC 041:184.308 JLINK_IsHalted()
T48CC 041:184.896 - 0.588ms returns FALSE
T48CC 041:184.948 JLINK_IsHalted()
T48CC 041:185.480 - 0.531ms returns FALSE
T1CB8 041:214.828 JLINK_IsHalted()
T1CB8 041:215.432 - 0.600ms returns FALSE
T1CB8 041:215.480 JLINK_IsHalted()
T1CB8 041:216.044 - 0.563ms returns FALSE
T48CC 041:293.380 JLINK_IsHalted()
T48CC 041:293.956 - 0.574ms returns FALSE
T48CC 041:294.004 JLINK_IsHalted()
T48CC 041:294.540 - 0.536ms returns FALSE
T48CC 041:403.320 JLINK_IsHalted()
T48CC 041:404.044 - 0.722ms returns FALSE
T48CC 041:404.168 JLINK_IsHalted()
T48CC 041:404.800 - 0.632ms returns FALSE
T48CC 041:512.352 JLINK_IsHalted()
T48CC 041:513.084 - 0.732ms returns FALSE
T48CC 041:513.180 JLINK_IsHalted()
T48CC 041:513.740 - 0.556ms returns FALSE
T48CC 041:621.264 JLINK_IsHalted()
T48CC 041:621.900 - 0.636ms returns FALSE
T48CC 041:621.956 JLINK_IsHalted()
T48CC 041:622.608 - 0.649ms returns FALSE
T48CC 041:731.340 JLINK_IsHalted()
T48CC 041:731.944 - 0.605ms returns FALSE
T48CC 041:732.004 JLINK_IsHalted()
T48CC 041:732.552 - 0.548ms returns FALSE
T48CC 041:840.424 JLINK_IsHalted()
T48CC 041:841.232 - 0.803ms returns FALSE
T48CC 041:841.304 JLINK_IsHalted()
T48CC 041:841.912 - 0.604ms returns FALSE
T48CC 041:949.880 JLINK_IsHalted()
T48CC 041:950.576 - 0.692ms returns FALSE
T48CC 041:950.648 JLINK_IsHalted()
T48CC 041:951.304 - 0.651ms returns FALSE
T48CC 042:059.776 JLINK_IsHalted()
T48CC 042:060.424 - 0.646ms returns FALSE
T48CC 042:060.500 JLINK_IsHalted()
T48CC 042:061.108 - 0.605ms returns FALSE
T48CC 042:168.572 JLINK_IsHalted()
T48CC 042:169.280 - 0.705ms returns FALSE
T48CC 042:169.400 JLINK_IsHalted()
T48CC 042:170.068 - 0.666ms returns FALSE
T1CB8 042:217.932 JLINK_IsHalted()
T1CB8 042:218.520 - 0.582ms returns FALSE
T1CB8 042:218.584 JLINK_IsHalted()
T1CB8 042:219.100 - 0.516ms returns FALSE
T48CC 042:277.560 JLINK_IsHalted()
T48CC 042:278.152 - 0.593ms returns FALSE
T48CC 042:278.208 JLINK_IsHalted()
T48CC 042:278.780 - 0.571ms returns FALSE
T48CC 042:387.112 JLINK_IsHalted()
T48CC 042:387.848 - 0.735ms returns FALSE
T48CC 042:387.924 JLINK_IsHalted()
T48CC 042:388.872 - 0.946ms returns FALSE
T48CC 042:496.932 JLINK_IsHalted()
T48CC 042:497.596 - 0.660ms returns FALSE
T48CC 042:497.692 JLINK_IsHalted()
T48CC 042:498.292 - 0.595ms returns FALSE
T48CC 042:606.128 JLINK_IsHalted()
T48CC 042:606.872 - 0.738ms returns FALSE
T48CC 042:606.976 JLINK_IsHalted()
T48CC 042:607.552 - 0.573ms returns FALSE
T48CC 042:715.080 JLINK_IsHalted()
T48CC 042:715.672 - 0.588ms returns FALSE
T48CC 042:715.720 JLINK_IsHalted()
T48CC 042:716.192 - 0.471ms returns FALSE
T48CC 042:825.384 JLINK_IsHalted()
T48CC 042:826.060 - 0.675ms returns FALSE
T48CC 042:826.132 JLINK_IsHalted()
T48CC 042:826.676 - 0.540ms returns FALSE
T48CC 042:934.424 JLINK_IsHalted()
T48CC 042:934.948 - 0.526ms returns FALSE
T48CC 042:934.992 JLINK_IsHalted()
T48CC 042:935.504 - 0.510ms returns FALSE
T48CC 043:043.316 JLINK_IsHalted()
T48CC 043:043.872 - 0.553ms returns FALSE
T48CC 043:043.912 JLINK_IsHalted()
T48CC 043:044.424 - 0.509ms returns FALSE
T48CC 043:153.256 JLINK_IsHalted()
T48CC 043:153.976 - 0.717ms returns FALSE
T48CC 043:154.020 JLINK_IsHalted()
T48CC 043:154.504 - 0.481ms returns FALSE
T1CB8 043:220.832 JLINK_IsHalted()
T1CB8 043:221.372 - 0.541ms returns FALSE
T1CB8 043:221.416 JLINK_IsHalted()
T1CB8 043:221.896 - 0.474ms returns FALSE
T48CC 043:262.360 JLINK_IsHalted()
T48CC 043:262.928 - 0.565ms returns FALSE
T48CC 043:262.968 JLINK_IsHalted()
T48CC 043:263.472 - 0.500ms returns FALSE
T48CC 043:372.104 JLINK_IsHalted()
T48CC 043:372.504 - 0.410ms returns FALSE
T48CC 043:372.528 JLINK_IsHalted()
T48CC 043:372.904 - 0.377ms returns FALSE
T48CC 043:480.840 JLINK_IsHalted()
T48CC 043:481.424 - 0.593ms returns FALSE
T48CC 043:481.448 JLINK_IsHalted()
T48CC 043:481.880 - 0.432ms returns FALSE
T48CC 043:591.988 JLINK_IsHalted()
T48CC 043:592.540 - 0.550ms returns FALSE
T48CC 043:592.584 JLINK_IsHalted()
T48CC 043:593.008 - 0.423ms returns FALSE
T48CC 043:699.880 JLINK_IsHalted()
T48CC 043:700.524 - 0.641ms returns FALSE
T48CC 043:700.580 JLINK_IsHalted()
T48CC 043:701.200 - 0.618ms returns FALSE
T48CC 043:808.908 JLINK_IsHalted()
T48CC 043:809.528 - 0.619ms returns FALSE
T48CC 043:809.580 JLINK_IsHalted()
T48CC 043:810.144 - 0.560ms returns FALSE
T48CC 043:918.808 JLINK_IsHalted()
T48CC 043:919.416 - 0.607ms returns FALSE
T48CC 043:919.476 JLINK_IsHalted()
T48CC 043:919.968 - 0.491ms returns FALSE
T48CC 044:027.888 JLINK_IsHalted()
T48CC 044:028.512 - 0.621ms returns FALSE
T48CC 044:028.576 JLINK_IsHalted()
T48CC 044:029.192 - 0.611ms returns FALSE
T48CC 044:137.656 JLINK_IsHalted()
T48CC 044:138.200 - 0.543ms returns FALSE
T48CC 044:138.248 JLINK_IsHalted()
T48CC 044:138.728 - 0.481ms returns FALSE
T1CB8 044:223.024 JLINK_IsHalted()
T1CB8 044:223.496 - 0.469ms returns FALSE
T1CB8 044:223.544 JLINK_IsHalted()
T1CB8 044:223.940 - 0.395ms returns FALSE
T48CC 044:246.596 JLINK_IsHalted()
T48CC 044:247.116 - 0.517ms returns FALSE
T48CC 044:247.160 JLINK_IsHalted()
T48CC 044:247.612 - 0.451ms returns FALSE
T48CC 044:355.748 JLINK_IsHalted()
T48CC 044:356.404 - 0.654ms returns FALSE
T48CC 044:356.476 JLINK_IsHalted()
T48CC 044:357.064 - 0.581ms returns FALSE
T48CC 044:465.048 JLINK_IsHalted()
T48CC 044:465.544 - 0.492ms returns FALSE
T48CC 044:465.600 JLINK_IsHalted()
T48CC 044:466.092 - 0.493ms returns FALSE
T48CC 044:574.616 JLINK_IsHalted()
T48CC 044:575.116 - 0.500ms returns FALSE
T48CC 044:575.160 JLINK_IsHalted()
T48CC 044:575.632 - 0.471ms returns FALSE
T48CC 044:684.124 JLINK_IsHalted()
T48CC 044:684.708 - 0.581ms returns FALSE
T48CC 044:684.772 JLINK_IsHalted()
T48CC 044:685.416 - 0.640ms returns FALSE
T48CC 044:793.952 JLINK_IsHalted()
T48CC 044:794.504 - 0.553ms returns FALSE
T48CC 044:794.580 JLINK_IsHalted()
T48CC 044:795.016 - 0.436ms returns FALSE
T48CC 044:904.216 JLINK_IsHalted()
T48CC 044:904.964 - 0.745ms returns FALSE
T48CC 044:905.040 JLINK_IsHalted()
T48CC 044:905.704 - 0.662ms returns FALSE
T48CC 045:012.936 JLINK_IsHalted()
T48CC 045:013.556 - 0.621ms returns FALSE
T48CC 045:013.624 JLINK_IsHalted()
T48CC 045:014.184 - 0.554ms returns FALSE
T48CC 045:121.680 JLINK_IsHalted()
T48CC 045:122.324 - 0.643ms returns FALSE
T48CC 045:122.392 JLINK_IsHalted()
T48CC 045:122.968 - 0.577ms returns FALSE
T1CB8 045:224.460 JLINK_IsHalted()
T1CB8 045:225.108 - 0.643ms returns FALSE
T1CB8 045:225.164 JLINK_IsHalted()
T1CB8 045:225.776 - 0.610ms returns FALSE
T48CC 045:230.880 JLINK_IsHalted()
T48CC 045:231.584 - 0.702ms returns FALSE
T48CC 045:231.652 JLINK_IsHalted()
T48CC 045:232.232 - 0.576ms returns FALSE
T48CC 045:340.600 JLINK_IsHalted()
T48CC 045:341.184 - 0.583ms returns FALSE
T48CC 045:341.224 JLINK_IsHalted()
T48CC 045:341.752 - 0.520ms returns FALSE
T48CC 045:450.920 JLINK_IsHalted()
T48CC 045:451.732 - 0.809ms returns FALSE
T48CC 045:451.800 JLINK_IsHalted()
T48CC 045:452.388 - 0.584ms returns FALSE
T48CC 045:559.656 JLINK_IsHalted()
T48CC 045:560.376 - 0.719ms returns FALSE
T48CC 045:560.460 JLINK_IsHalted()
T48CC 045:561.048 - 0.582ms returns FALSE
T48CC 045:668.428 JLINK_IsHalted()
T48CC 045:669.140 - 0.706ms returns FALSE
T48CC 045:669.232 JLINK_IsHalted()
T48CC 045:669.884 - 0.652ms returns FALSE
T48CC 045:778.328 JLINK_IsHalted()
T48CC 045:778.892 - 0.562ms returns FALSE
T48CC 045:778.936 JLINK_IsHalted()
T48CC 045:779.432 - 0.490ms returns FALSE
T48CC 045:887.684 JLINK_IsHalted()
T48CC 045:888.396 - 0.712ms returns FALSE
T48CC 045:888.464 JLINK_IsHalted()
T48CC 045:889.016 - 0.548ms returns FALSE
T48CC 045:996.608 JLINK_IsHalted()
T48CC 045:997.400 - 0.790ms returns FALSE
T48CC 045:997.472 JLINK_IsHalted()
T48CC 045:998.048 - 0.571ms returns FALSE
T48CC 046:106.004 JLINK_IsHalted()
T48CC 046:106.728 - 0.720ms returns FALSE
T48CC 046:106.800 JLINK_IsHalted()
T48CC 046:107.368 - 0.565ms returns FALSE
T48CC 046:215.896 JLINK_IsHalted()
T48CC 046:216.840 - 0.939ms returns FALSE
T48CC 046:216.920 JLINK_IsHalted()
T48CC 046:217.568 - 0.644ms returns FALSE
T1CB8 046:227.324 JLINK_IsHalted()
T1CB8 046:228.040 - 0.714ms returns FALSE
T1CB8 046:228.116 JLINK_IsHalted()
T1CB8 046:228.724 - 0.606ms returns FALSE
T48CC 046:324.836 JLINK_IsHalted()
T48CC 046:325.416 - 0.582ms returns FALSE
T48CC 046:325.472 JLINK_IsHalted()
T48CC 046:326.004 - 0.527ms returns FALSE
T48CC 046:434.388 JLINK_IsHalted()
T48CC 046:435.040 - 0.651ms returns FALSE
T48CC 046:435.096 JLINK_IsHalted()
T48CC 046:435.640 - 0.544ms returns FALSE
T48CC 046:543.104 JLINK_IsHalted()
T48CC 046:543.704 - 0.596ms returns FALSE
T48CC 046:543.752 JLINK_IsHalted()
T48CC 046:544.360 - 0.602ms returns FALSE
T48CC 046:653.160 JLINK_IsHalted()
T48CC 046:653.780 - 0.617ms returns FALSE
T48CC 046:653.828 JLINK_IsHalted()
T48CC 046:654.388 - 0.556ms returns FALSE
T48CC 046:762.248 JLINK_IsHalted()
T48CC 046:762.888 - 0.640ms returns FALSE
T48CC 046:762.952 JLINK_IsHalted()
T48CC 046:763.536 - 0.578ms returns FALSE
T48CC 046:871.676 JLINK_IsHalted()
T48CC 046:872.176 - 0.498ms returns FALSE
T48CC 046:872.216 JLINK_IsHalted()
T48CC 046:872.744 - 0.522ms returns FALSE
T48CC 046:980.984 JLINK_IsHalted()
T48CC 046:981.684 - 0.700ms returns FALSE
T48CC 046:981.760 JLINK_IsHalted()
T48CC 046:982.448 - 0.686ms returns FALSE
T48CC 047:090.624 JLINK_IsHalted()
T48CC 047:091.240 - 0.617ms returns FALSE
T48CC 047:091.312 JLINK_IsHalted()
T48CC 047:091.928 - 0.610ms returns FALSE
T48CC 047:199.752 JLINK_IsHalted()
T48CC 047:200.468 - 0.713ms returns FALSE
T48CC 047:200.556 JLINK_IsHalted()
T48CC 047:201.304 - 0.741ms returns FALSE
T1CB8 047:230.232 JLINK_IsHalted()
T1CB8 047:230.952 - 0.715ms returns FALSE
T1CB8 047:231.024 JLINK_IsHalted()
T1CB8 047:231.600 - 0.572ms returns FALSE
T48CC 047:309.660 JLINK_IsHalted()
T48CC 047:310.328 - 0.669ms returns FALSE
T48CC 047:310.380 JLINK_IsHalted()
T48CC 047:310.952 - 0.570ms returns FALSE
T48CC 047:418.216 JLINK_IsHalted()
T48CC 047:418.808 - 0.595ms returns FALSE
T48CC 047:418.880 JLINK_IsHalted()
T48CC 047:419.420 - 0.539ms returns FALSE
T48CC 047:528.192 JLINK_IsHalted()
T48CC 047:528.748 - 0.556ms returns FALSE
T48CC 047:528.792 JLINK_IsHalted()
T48CC 047:529.336 - 0.544ms returns FALSE
T48CC 047:637.188 JLINK_IsHalted()
T48CC 047:637.916 - 0.728ms returns FALSE
T48CC 047:638.016 JLINK_IsHalted()
T48CC 047:638.632 - 0.611ms returns FALSE
T48CC 047:746.440 JLINK_IsHalted()
T48CC 047:747.184 - 0.741ms returns FALSE
T48CC 047:747.256 JLINK_IsHalted()
T48CC 047:747.868 - 0.608ms returns FALSE
T48CC 047:856.452 JLINK_IsHalted()
T48CC 047:857.076 - 0.621ms returns FALSE
T48CC 047:857.128 JLINK_IsHalted()
T48CC 047:857.640 - 0.508ms returns FALSE
T48CC 047:965.304 JLINK_IsHalted()
T48CC 047:965.904 - 0.598ms returns FALSE
T48CC 047:965.972 JLINK_IsHalted()
T48CC 047:966.588 - 0.617ms returns FALSE
T48CC 048:077.720 JLINK_IsHalted()
T48CC 048:078.648 - 0.924ms returns FALSE
T48CC 048:078.720 JLINK_IsHalted()
T48CC 048:079.412 - 0.687ms returns FALSE
T48CC 048:184.288 JLINK_IsHalted()
T48CC 048:184.764 - 0.477ms returns FALSE
T48CC 048:184.808 JLINK_IsHalted()
T48CC 048:185.288 - 0.474ms returns FALSE
T1CB8 048:232.344 JLINK_IsHalted()
T1CB8 048:232.820 - 0.473ms returns FALSE
T1CB8 048:232.856 JLINK_IsHalted()
T1CB8 048:234.188 - 1.334ms returns FALSE
T48CC 048:293.188 JLINK_IsHalted()
T48CC 048:293.816 - 0.626ms returns FALSE
T48CC 048:293.892 JLINK_IsHalted()
T48CC 048:294.600 - 0.708ms returns FALSE
T48CC 048:403.208 JLINK_IsHalted()
T48CC 048:403.772 - 0.564ms returns FALSE
T48CC 048:403.832 JLINK_IsHalted()
T48CC 048:404.368 - 0.538ms returns FALSE
T48CC 048:511.884 JLINK_IsHalted()
T48CC 048:512.616 - 0.732ms returns FALSE
T48CC 048:512.676 JLINK_IsHalted()
T48CC 048:513.256 - 0.581ms returns FALSE
T48CC 048:622.160 JLINK_IsHalted()
T48CC 048:622.728 - 0.569ms returns FALSE
T48CC 048:622.776 JLINK_IsHalted()
T48CC 048:623.328 - 0.552ms returns FALSE
T48CC 048:731.124 JLINK_IsHalted()
T48CC 048:731.596 - 0.472ms returns FALSE
T48CC 048:731.640 JLINK_IsHalted()
T48CC 048:732.124 - 0.484ms returns FALSE
T48CC 048:840.428 JLINK_IsHalted()
T48CC 048:841.000 - 0.573ms returns FALSE
T48CC 048:841.080 JLINK_IsHalted()
T48CC 048:841.528 - 0.450ms returns FALSE
T48CC 048:949.912 JLINK_IsHalted()
T48CC 048:950.496 - 0.582ms returns FALSE
T48CC 048:950.536 JLINK_IsHalted()
T48CC 048:951.052 - 0.514ms returns FALSE
T48CC 049:058.872 JLINK_IsHalted()
T48CC 049:059.348 - 0.478ms returns FALSE
T48CC 049:059.384 JLINK_IsHalted()
T48CC 049:059.836 - 0.454ms returns FALSE
T48CC 049:168.568 JLINK_IsHalted()
T48CC 049:168.956 - 0.387ms returns FALSE
T48CC 049:168.980 JLINK_IsHalted()
T48CC 049:169.364 - 0.382ms returns FALSE
T1CB8 049:234.824 JLINK_IsHalted()
T1CB8 049:235.272 - 0.453ms returns FALSE
T1CB8 049:235.300 JLINK_IsHalted()
T1CB8 049:235.648 - 0.347ms returns FALSE
T48CC 049:277.624 JLINK_IsHalted()
T48CC 049:278.152 - 0.530ms returns FALSE
T48CC 049:278.196 JLINK_IsHalted()
T48CC 049:278.692 - 0.491ms returns FALSE
T48CC 049:387.868 JLINK_IsHalted()
T48CC 049:388.468 - 0.598ms returns FALSE
T48CC 049:388.512 JLINK_IsHalted()
T48CC 049:389.000 - 0.484ms returns FALSE
T48CC 049:496.860 JLINK_IsHalted()
T48CC 049:497.612 - 0.747ms returns FALSE
T48CC 049:497.704 JLINK_IsHalted()
T48CC 049:498.392 - 0.685ms returns FALSE
T48CC 049:607.144 JLINK_IsHalted()
T48CC 049:607.728 - 0.583ms returns FALSE
T48CC 049:607.768 JLINK_IsHalted()
T48CC 049:608.344 - 0.574ms returns FALSE
T48CC 049:715.864 JLINK_IsHalted()
T48CC 049:716.488 - 0.618ms returns FALSE
T48CC 049:716.568 JLINK_IsHalted()
T48CC 049:717.224 - 0.653ms returns FALSE
T48CC 049:824.660 JLINK_IsHalted()
T48CC 049:825.236 - 0.575ms returns FALSE
T48CC 049:825.280 JLINK_IsHalted()
T48CC 049:825.780 - 0.500ms returns FALSE
T48CC 049:934.692 JLINK_IsHalted()
T48CC 049:936.540 - 1.845ms returns FALSE
T48CC 049:936.592 JLINK_IsHalted()
T48CC 049:937.096 - 0.501ms returns FALSE
T48CC 050:043.016 JLINK_IsHalted()
T48CC 050:043.576 - 0.554ms returns FALSE
T48CC 050:043.616 JLINK_IsHalted()
T48CC 050:044.028 - 0.412ms returns FALSE
T48CC 050:152.844 JLINK_IsHalted()
T48CC 050:153.472 - 0.626ms returns FALSE
T48CC 050:153.528 JLINK_IsHalted()
T48CC 050:153.940 - 0.409ms returns FALSE
T1CB8 050:237.228 JLINK_IsHalted()
T1CB8 050:237.748 - 0.517ms returns FALSE
T1CB8 050:237.800 JLINK_IsHalted()
T1CB8 050:238.308 - 0.506ms returns FALSE
T48CC 050:261.912 JLINK_IsHalted()
T48CC 050:262.540 - 0.626ms returns FALSE
T48CC 050:262.584 JLINK_IsHalted()
T48CC 050:263.144 - 0.560ms returns FALSE
T48CC 050:371.932 JLINK_IsHalted()
T48CC 050:372.492 - 0.559ms returns FALSE
T48CC 050:373.992 JLINK_IsHalted()
T48CC 050:374.620 - 0.628ms returns FALSE
T48CC 050:480.752 JLINK_IsHalted()
T48CC 050:481.280 - 0.526ms returns FALSE
T48CC 050:481.324 JLINK_IsHalted()
T48CC 050:481.832 - 0.502ms returns FALSE
T48CC 050:590.068 JLINK_IsHalted()
T48CC 050:591.008 - 0.939ms returns FALSE
T48CC 050:591.068 JLINK_IsHalted()
T48CC 050:591.584 - 0.512ms returns FALSE
T48CC 050:699.864 JLINK_IsHalted()
T48CC 050:700.592 - 0.724ms returns FALSE
T48CC 050:700.664 JLINK_IsHalted()
T48CC 050:701.352 - 0.686ms returns FALSE
T48CC 050:809.208 JLINK_IsHalted()
T48CC 050:809.880 - 0.671ms returns FALSE
T48CC 050:809.948 JLINK_IsHalted()
T48CC 050:810.568 - 0.618ms returns FALSE
T48CC 050:918.968 JLINK_IsHalted()
T48CC 050:919.692 - 0.724ms returns FALSE
T48CC 050:919.736 JLINK_IsHalted()
T48CC 050:920.320 - 0.581ms returns FALSE
T48CC 051:028.000 JLINK_IsHalted()
T48CC 051:028.536 - 0.536ms returns FALSE
T48CC 051:028.580 JLINK_IsHalted()
T48CC 051:029.076 - 0.494ms returns FALSE
T48CC 051:137.900 JLINK_IsHalted()
T48CC 051:138.584 - 0.681ms returns FALSE
T48CC 051:138.668 JLINK_IsHalted()
T48CC 051:139.364 - 0.693ms returns FALSE
T1CB8 051:239.656 JLINK_IsHalted()
T1CB8 051:240.392 - 0.735ms returns FALSE
T1CB8 051:240.472 JLINK_IsHalted()
T1CB8 051:241.096 - 0.623ms returns FALSE
T48CC 051:246.892 JLINK_IsHalted()
T48CC 051:247.648 - 0.754ms returns FALSE
T48CC 051:247.720 JLINK_IsHalted()
T48CC 051:248.392 - 0.667ms returns FALSE
T48CC 051:355.920 JLINK_IsHalted()
T48CC 051:356.580 - 0.656ms returns FALSE
T48CC 051:356.696 JLINK_IsHalted()
T48CC 051:357.220 - 0.520ms returns FALSE
T48CC 051:465.560 JLINK_IsHalted()
T48CC 051:466.120 - 0.555ms returns FALSE
T48CC 051:466.160 JLINK_IsHalted()
T48CC 051:466.700 - 0.539ms returns FALSE
T48CC 051:574.392 JLINK_IsHalted()
T48CC 051:574.928 - 0.532ms returns FALSE
T48CC 051:574.972 JLINK_IsHalted()
T48CC 051:575.556 - 0.579ms returns FALSE
T48CC 051:684.412 JLINK_IsHalted()
T48CC 051:684.972 - 0.557ms returns FALSE
T48CC 051:685.024 JLINK_IsHalted()
T48CC 051:685.544 - 0.515ms returns FALSE
T48CC 051:793.384 JLINK_IsHalted()
T48CC 051:794.056 - 0.669ms returns FALSE
T48CC 051:794.120 JLINK_IsHalted()
T48CC 051:794.736 - 0.612ms returns FALSE
T48CC 051:902.568 JLINK_IsHalted()
T48CC 051:903.112 - 0.547ms returns FALSE
T48CC 051:903.156 JLINK_IsHalted()
T48CC 051:903.684 - 0.527ms returns FALSE
T48CC 052:012.560 JLINK_IsHalted()
T48CC 052:013.140 - 0.571ms returns FALSE
T48CC 052:013.192 JLINK_IsHalted()
T48CC 052:013.728 - 0.536ms returns FALSE
T48CC 052:121.900 JLINK_IsHalted()
T48CC 052:122.600 - 0.700ms returns FALSE
T48CC 052:122.680 JLINK_IsHalted()
T48CC 052:123.364 - 0.683ms returns FALSE
T48CC 052:231.900 JLINK_IsHalted()
T48CC 052:232.556 - 0.654ms returns FALSE
T48CC 052:232.612 JLINK_IsHalted()
T48CC 052:233.204 - 0.592ms returns FALSE
T1CB8 052:243.260 JLINK_IsHalted()
T1CB8 052:243.856 - 0.592ms returns FALSE
T1CB8 052:243.912 JLINK_IsHalted()
T1CB8 052:244.568 - 0.656ms returns FALSE
T48CC 052:340.832 JLINK_IsHalted()
T48CC 052:341.432 - 0.600ms returns FALSE
T48CC 052:341.484 JLINK_IsHalted()
T48CC 052:342.080 - 0.594ms returns FALSE
T48CC 052:449.720 JLINK_IsHalted()
T48CC 052:450.356 - 0.635ms returns FALSE
T48CC 052:450.420 JLINK_IsHalted()
T48CC 052:450.956 - 0.533ms returns FALSE
T48CC 052:559.024 JLINK_IsHalted()
T48CC 052:559.636 - 0.611ms returns FALSE
T48CC 052:559.704 JLINK_IsHalted()
T48CC 052:560.344 - 0.636ms returns FALSE
T48CC 052:668.508 JLINK_IsHalted()
T48CC 052:669.252 - 0.739ms returns FALSE
T48CC 052:669.352 JLINK_IsHalted()
T48CC 052:669.984 - 0.630ms returns FALSE
T48CC 052:778.592 JLINK_IsHalted()
T48CC 052:779.368 - 0.773ms returns FALSE
T48CC 052:779.472 JLINK_IsHalted()
T48CC 052:780.112 - 0.636ms returns FALSE
T48CC 052:887.832 JLINK_IsHalted()
T48CC 052:888.408 - 0.575ms returns FALSE
T48CC 052:888.452 JLINK_IsHalted()
T48CC 052:888.952 - 0.499ms returns FALSE
T48CC 052:996.696 JLINK_IsHalted()
T48CC 052:997.316 - 0.614ms returns FALSE
T48CC 052:997.356 JLINK_IsHalted()
T48CC 052:997.876 - 0.515ms returns FALSE
T48CC 053:105.976 JLINK_IsHalted()
T48CC 053:106.572 - 0.593ms returns FALSE
T48CC 053:106.632 JLINK_IsHalted()
T48CC 053:107.172 - 0.536ms returns FALSE
T48CC 053:215.032 JLINK_IsHalted()
T48CC 053:215.728 - 0.694ms returns FALSE
T48CC 053:215.808 JLINK_IsHalted()
T48CC 053:216.680 - 0.866ms returns FALSE
T1CB8 053:245.520 JLINK_IsHalted()
T1CB8 053:246.396 - 0.873ms returns FALSE
T1CB8 053:246.472 JLINK_IsHalted()
T1CB8 053:247.128 - 0.654ms returns FALSE
T48CC 053:324.936 JLINK_IsHalted()
T48CC 053:325.888 - 0.948ms returns FALSE
T48CC 053:325.960 JLINK_IsHalted()
T48CC 053:326.520 - 0.562ms returns FALSE
T48CC 053:435.072 JLINK_IsHalted()
T48CC 053:435.748 - 0.672ms returns FALSE
T48CC 053:435.832 JLINK_IsHalted()
T48CC 053:436.472 - 0.639ms returns FALSE
T48CC 053:543.480 JLINK_IsHalted()
T48CC 053:543.976 - 0.493ms returns FALSE
T48CC 053:544.012 JLINK_IsHalted()
T48CC 053:544.512 - 0.496ms returns FALSE
T48CC 053:652.628 JLINK_IsHalted()
T48CC 053:653.432 - 0.804ms returns FALSE
T48CC 053:653.604 JLINK_IsHalted()
T48CC 053:654.128 - 0.524ms returns FALSE
T48CC 053:762.568 JLINK_IsHalted()
T48CC 053:763.244 - 0.676ms returns FALSE
T48CC 053:763.316 JLINK_IsHalted()
T48CC 053:763.980 - 0.665ms returns FALSE
T48CC 053:871.968 JLINK_IsHalted()
T48CC 053:872.552 - 0.578ms returns FALSE
T48CC 053:872.588 JLINK_IsHalted()
T48CC 053:873.132 - 0.536ms returns FALSE
T48CC 053:981.460 JLINK_IsHalted()
T48CC 053:982.164 - 0.696ms returns FALSE
T48CC 053:982.248 JLINK_IsHalted()
T48CC 053:982.872 - 0.622ms returns FALSE
T48CC 054:090.176 JLINK_IsHalted()
T48CC 054:090.824 - 0.641ms returns FALSE
T48CC 054:090.872 JLINK_IsHalted()
T48CC 054:091.456 - 0.580ms returns FALSE
T48CC 054:200.108 JLINK_IsHalted()
T48CC 054:200.504 - 0.391ms returns FALSE
T48CC 054:200.524 JLINK_IsHalted()
T48CC 054:200.896 - 0.371ms returns FALSE
T1CB8 054:248.620 JLINK_IsHalted()
T1CB8 054:249.196 - 0.575ms returns FALSE
T1CB8 054:249.240 JLINK_IsHalted()
T1CB8 054:249.752 - 0.511ms returns FALSE
T48CC 054:309.160 JLINK_IsHalted()
T48CC 054:309.684 - 0.523ms returns FALSE
T48CC 054:309.728 JLINK_IsHalted()
T48CC 054:310.240 - 0.511ms returns FALSE
T48CC 054:418.956 JLINK_IsHalted()
T48CC 054:419.480 - 0.522ms returns FALSE
T48CC 054:419.528 JLINK_IsHalted()
T48CC 054:419.960 - 0.431ms returns FALSE
T48CC 054:529.164 JLINK_IsHalted()
T48CC 054:529.720 - 0.554ms returns FALSE
T48CC 054:529.768 JLINK_IsHalted()
T48CC 054:530.312 - 0.543ms returns FALSE
T48CC 054:637.012 JLINK_IsHalted()
T48CC 054:637.528 - 0.513ms returns FALSE
T48CC 054:637.568 JLINK_IsHalted()
T48CC 054:638.040 - 0.468ms returns FALSE
T48CC 054:746.552 JLINK_IsHalted()
T48CC 054:747.040 - 0.487ms returns FALSE
T48CC 054:747.064 JLINK_IsHalted()
T48CC 054:747.436 - 0.368ms returns FALSE
T48CC 054:856.556 JLINK_IsHalted()
T48CC 054:857.088 - 0.529ms returns FALSE
T48CC 054:857.132 JLINK_IsHalted()
T48CC 054:857.656 - 0.522ms returns FALSE
T48CC 054:965.620 JLINK_IsHalted()
T48CC 054:966.392 - 0.768ms returns FALSE
T48CC 054:966.464 JLINK_IsHalted()
T48CC 054:967.072 - 0.610ms returns FALSE
T48CC 055:075.240 JLINK_IsHalted()
T48CC 055:075.732 - 0.487ms returns FALSE
T48CC 055:075.768 JLINK_IsHalted()
T48CC 055:076.224 - 0.448ms returns FALSE
T48CC 055:184.788 JLINK_IsHalted()
T48CC 055:185.280 - 0.492ms returns FALSE
T48CC 055:185.324 JLINK_IsHalted()
T48CC 055:185.772 - 0.447ms returns FALSE
T1CB8 055:251.080 JLINK_IsHalted()
T1CB8 055:251.624 - 0.543ms returns FALSE
T1CB8 055:251.672 JLINK_IsHalted()
T1CB8 055:252.104 - 0.426ms returns FALSE
T48CC 055:293.172 JLINK_IsHalted()
T48CC 055:293.704 - 0.534ms returns FALSE
T48CC 055:293.748 JLINK_IsHalted()
T48CC 055:294.324 - 0.571ms returns FALSE
T48CC 055:403.552 JLINK_IsHalted()
T48CC 055:403.928 - 0.382ms returns FALSE
T48CC 055:403.948 JLINK_IsHalted()
T48CC 055:404.308 - 0.355ms returns FALSE
T48CC 055:512.600 JLINK_IsHalted()
T48CC 055:513.192 - 0.588ms returns FALSE
T48CC 055:513.248 JLINK_IsHalted()
T48CC 055:513.848 - 0.597ms returns FALSE
T48CC 055:621.224 JLINK_IsHalted()
T48CC 055:621.804 - 0.585ms returns FALSE
T48CC 055:621.848 JLINK_IsHalted()
T48CC 055:622.304 - 0.451ms returns FALSE
T48CC 055:731.596 JLINK_IsHalted()
T48CC 055:732.256 - 0.657ms returns FALSE
T48CC 055:732.308 JLINK_IsHalted()
T48CC 055:732.888 - 0.576ms returns FALSE
T48CC 055:840.500 JLINK_IsHalted()
T48CC 055:841.088 - 0.586ms returns FALSE
T48CC 055:841.144 JLINK_IsHalted()
T48CC 055:841.652 - 0.501ms returns FALSE
T48CC 055:949.512 JLINK_IsHalted()
T48CC 055:950.248 - 0.731ms returns FALSE
T48CC 055:950.316 JLINK_IsHalted()
T48CC 055:950.932 - 0.611ms returns FALSE
T48CC 056:059.608 JLINK_IsHalted()
T48CC 056:060.384 - 0.774ms returns FALSE
T48CC 056:060.456 JLINK_IsHalted()
T48CC 056:061.088 - 0.627ms returns FALSE
T48CC 056:168.088 JLINK_IsHalted()
T48CC 056:168.640 - 0.548ms returns FALSE
T48CC 056:168.684 JLINK_IsHalted()
T48CC 056:169.248 - 0.563ms returns FALSE
T1CB8 056:252.968 JLINK_IsHalted()
T1CB8 056:253.624 - 0.662ms returns FALSE
T1CB8 056:253.696 JLINK_IsHalted()
T1CB8 056:256.364 - 2.663ms returns FALSE
T48CC 056:278.696 JLINK_IsHalted()
T48CC 056:279.320 - 0.625ms returns FALSE
T48CC 056:279.404 JLINK_IsHalted()
T48CC 056:280.120 - 0.713ms returns FALSE
T48CC 056:388.244 JLINK_IsHalted()
T48CC 056:388.980 - 0.729ms returns FALSE
T48CC 056:389.048 JLINK_IsHalted()
T48CC 056:389.688 - 0.639ms returns FALSE
T48CC 056:497.184 JLINK_IsHalted()
T48CC 056:497.812 - 0.624ms returns FALSE
T48CC 056:497.880 JLINK_IsHalted()
T48CC 056:498.504 - 0.612ms returns FALSE
T48CC 056:606.036 JLINK_IsHalted()
T48CC 056:606.668 - 0.626ms returns FALSE
T48CC 056:606.712 JLINK_IsHalted()
T48CC 056:607.296 - 0.577ms returns FALSE
T48CC 056:715.148 JLINK_IsHalted()
T48CC 056:715.864 - 0.712ms returns FALSE
T48CC 056:715.936 JLINK_IsHalted()
T48CC 056:716.536 - 0.598ms returns FALSE
T48CC 056:824.424 JLINK_IsHalted()
T48CC 056:824.968 - 0.544ms returns FALSE
T48CC 056:825.016 JLINK_IsHalted()
T48CC 056:825.492 - 0.473ms returns FALSE
T48CC 056:934.720 JLINK_IsHalted()
T48CC 056:935.284 - 0.563ms returns FALSE
T48CC 056:935.340 JLINK_IsHalted()
T48CC 056:935.948 - 0.605ms returns FALSE
T48CC 057:043.744 JLINK_IsHalted()
T48CC 057:044.340 - 0.595ms returns FALSE
T48CC 057:044.396 JLINK_IsHalted()
T48CC 057:045.004 - 0.605ms returns FALSE
T48CC 057:152.680 JLINK_IsHalted()
T48CC 057:153.176 - 0.497ms returns FALSE
T48CC 057:153.240 JLINK_IsHalted()
T48CC 057:153.716 - 0.469ms returns FALSE
T1CB8 057:258.112 JLINK_IsHalted()
T1CB8 057:258.584 - 0.471ms returns FALSE
T1CB8 057:258.632 JLINK_IsHalted()
T1CB8 057:259.096 - 0.467ms returns FALSE
T48CC 057:262.924 JLINK_IsHalted()
T48CC 057:263.496 - 0.570ms returns FALSE
T48CC 057:263.560 JLINK_IsHalted()
T48CC 057:264.088 - 0.524ms returns FALSE
T48CC 057:371.736 JLINK_IsHalted()
T48CC 057:372.456 - 0.711ms returns FALSE
T48CC 057:372.524 JLINK_IsHalted()
T48CC 057:373.172 - 0.648ms returns FALSE
T48CC 057:481.396 JLINK_IsHalted()
T48CC 057:482.048 - 0.648ms returns FALSE
T48CC 057:482.100 JLINK_IsHalted()
T48CC 057:482.688 - 0.585ms returns FALSE
T48CC 057:590.124 JLINK_IsHalted()
T48CC 057:590.732 - 0.606ms returns FALSE
T48CC 057:590.776 JLINK_IsHalted()
T48CC 057:591.320 - 0.547ms returns FALSE
T48CC 057:699.668 JLINK_IsHalted()
T48CC 057:700.364 - 0.696ms returns FALSE
T48CC 057:700.424 JLINK_IsHalted()
T48CC 057:700.984 - 0.562ms returns FALSE
T48CC 057:809.728 JLINK_IsHalted()
T48CC 057:810.732 - 1.002ms returns FALSE
T48CC 057:810.808 JLINK_IsHalted()
T48CC 057:811.572 - 0.760ms returns FALSE
T48CC 057:918.380 JLINK_IsHalted()
T48CC 057:919.156 - 0.777ms returns FALSE
T48CC 057:919.240 JLINK_IsHalted()
T48CC 057:919.892 - 0.654ms returns FALSE
T48CC 058:028.076 JLINK_IsHalted()
T48CC 058:028.832 - 0.755ms returns FALSE
T48CC 058:028.940 JLINK_IsHalted()
T48CC 058:029.580 - 0.642ms returns FALSE
T48CC 058:137.268 JLINK_IsHalted()
T48CC 058:137.876 - 0.606ms returns FALSE
T48CC 058:137.920 JLINK_IsHalted()
T48CC 058:138.520 - 0.602ms returns FALSE
T48CC 058:246.880 JLINK_IsHalted()
T48CC 058:247.540 - 0.654ms returns FALSE
T48CC 058:247.584 JLINK_IsHalted()
T48CC 058:248.184 - 0.597ms returns FALSE
T1CB8 058:259.220 JLINK_IsHalted()
T1CB8 058:259.796 - 0.570ms returns FALSE
T1CB8 058:259.840 JLINK_IsHalted()
T1CB8 058:260.360 - 0.517ms returns FALSE
T48CC 058:356.216 JLINK_IsHalted()
T48CC 058:356.852 - 0.630ms returns FALSE
T48CC 058:356.904 JLINK_IsHalted()
T48CC 058:357.548 - 0.641ms returns FALSE
T48CC 058:465.256 JLINK_IsHalted()
T48CC 058:465.888 - 0.632ms returns FALSE
T48CC 058:465.952 JLINK_IsHalted()
T48CC 058:466.540 - 0.583ms returns FALSE
T48CC 058:574.760 JLINK_IsHalted()
T48CC 058:575.432 - 0.669ms returns FALSE
T48CC 058:575.468 JLINK_IsHalted()
T48CC 058:575.968 - 0.497ms returns FALSE
T48CC 058:683.884 JLINK_IsHalted()
T48CC 058:684.692 - 0.804ms returns FALSE
T48CC 058:684.768 JLINK_IsHalted()
T48CC 058:685.384 - 0.607ms returns FALSE
T48CC 058:793.888 JLINK_IsHalted()
T48CC 058:794.644 - 0.752ms returns FALSE
T48CC 058:794.712 JLINK_IsHalted()
T48CC 058:795.316 - 0.596ms returns FALSE
T48CC 058:903.016 JLINK_IsHalted()
T48CC 058:903.752 - 0.732ms returns FALSE
T48CC 058:903.820 JLINK_IsHalted()
T48CC 058:904.564 - 0.743ms returns FALSE
T48CC 059:011.980 JLINK_IsHalted()
T48CC 059:012.660 - 0.675ms returns FALSE
T48CC 059:012.756 JLINK_IsHalted()
T48CC 059:013.408 - 0.654ms returns FALSE
T48CC 059:121.804 JLINK_IsHalted()
T48CC 059:122.380 - 0.575ms returns FALSE
T48CC 059:122.420 JLINK_IsHalted()
T48CC 059:122.936 - 0.515ms returns FALSE
T48CC 059:230.860 JLINK_IsHalted()
T48CC 059:231.400 - 0.536ms returns FALSE
T48CC 059:231.444 JLINK_IsHalted()
T48CC 059:231.936 - 0.495ms returns FALSE
T1CB8 059:261.228 JLINK_IsHalted()
T1CB8 059:261.804 - 0.576ms returns FALSE
T1CB8 059:261.848 JLINK_IsHalted()
T1CB8 059:262.380 - 0.531ms returns FALSE
T48CC 059:340.216 JLINK_IsHalted()
T48CC 059:340.952 - 0.732ms returns FALSE
T48CC 059:341.032 JLINK_IsHalted()
T48CC 059:341.688 - 0.659ms returns FALSE
T48CC 059:449.672 JLINK_IsHalted()
T48CC 059:450.348 - 0.673ms returns FALSE
T48CC 059:450.476 JLINK_IsHalted()
T48CC 059:451.112 - 0.635ms returns FALSE
T48CC 059:559.412 JLINK_IsHalted()
T48CC 059:559.928 - 0.519ms returns FALSE
T48CC 059:559.976 JLINK_IsHalted()
T48CC 059:560.460 - 0.486ms returns FALSE
T48CC 059:668.460 JLINK_IsHalted()
T48CC 059:669.172 - 0.709ms returns FALSE
T48CC 059:669.272 JLINK_IsHalted()
T48CC 059:669.940 - 0.663ms returns FALSE
T48CC 059:777.804 JLINK_IsHalted()
T48CC 059:778.380 - 0.579ms returns FALSE
T48CC 059:778.432 JLINK_IsHalted()
T48CC 059:779.040 - 0.604ms returns FALSE
T48CC 059:887.208 JLINK_IsHalted()
T48CC 059:887.724 - 0.512ms returns FALSE
T48CC 059:887.768 JLINK_IsHalted()
T48CC 059:888.268 - 0.502ms returns FALSE
T48CC 059:996.984 JLINK_IsHalted()
T48CC 059:997.536 - 0.550ms returns FALSE
T48CC 059:997.580 JLINK_IsHalted()
T48CC 059:997.964 - 0.386ms returns FALSE
T48CC 060:105.900 JLINK_IsHalted()
T48CC 060:106.496 - 0.592ms returns FALSE
T48CC 060:106.540 JLINK_IsHalted()
T48CC 060:107.052 - 0.514ms returns FALSE
T48CC 060:216.128 JLINK_IsHalted()
T48CC 060:216.660 - 0.528ms returns FALSE
T48CC 060:216.704 JLINK_IsHalted()
T48CC 060:217.164 - 0.457ms returns FALSE
T1CB8 060:263.192 JLINK_IsHalted()
T1CB8 060:263.688 - 0.494ms returns FALSE
T1CB8 060:263.724 JLINK_IsHalted()
T1CB8 060:264.200 - 0.476ms returns FALSE
T48CC 060:325.004 JLINK_IsHalted()
T48CC 060:325.452 - 0.449ms returns FALSE
T48CC 060:325.492 JLINK_IsHalted()
T48CC 060:325.900 - 0.411ms returns FALSE
T48CC 060:434.336 JLINK_IsHalted()
T48CC 060:434.740 - 0.407ms returns FALSE
T48CC 060:434.784 JLINK_IsHalted()
T48CC 060:435.220 - 0.435ms returns FALSE
T48CC 060:544.008 JLINK_IsHalted()
T48CC 060:544.564 - 0.555ms returns FALSE
T48CC 060:544.600 JLINK_IsHalted()
T48CC 060:545.112 - 0.509ms returns FALSE
T48CC 060:653.208 JLINK_IsHalted()
T48CC 060:653.784 - 0.573ms returns FALSE
T48CC 060:653.832 JLINK_IsHalted()
T48CC 060:654.292 - 0.458ms returns FALSE
T48CC 060:762.248 JLINK_IsHalted()
T48CC 060:762.816 - 0.568ms returns FALSE
T48CC 060:762.860 JLINK_IsHalted()
T48CC 060:763.372 - 0.515ms returns FALSE
T48CC 060:871.368 JLINK_IsHalted()
T48CC 060:871.916 - 0.547ms returns FALSE
T48CC 060:871.976 JLINK_IsHalted()
T48CC 060:872.536 - 0.563ms returns FALSE
T48CC 060:981.780 JLINK_IsHalted()
T48CC 060:982.360 - 0.583ms returns FALSE
T48CC 060:982.420 JLINK_IsHalted()
T48CC 060:982.976 - 0.554ms returns FALSE
T48CC 061:090.900 JLINK_IsHalted()
T48CC 061:091.508 - 0.608ms returns FALSE
T48CC 061:091.564 JLINK_IsHalted()
T48CC 061:092.180 - 0.612ms returns FALSE
T48CC 061:199.928 JLINK_IsHalted()
T48CC 061:200.584 - 0.653ms returns FALSE
T48CC 061:200.640 JLINK_IsHalted()
T48CC 061:201.324 - 0.687ms returns FALSE
T1CB8 061:264.492 JLINK_IsHalted()
T1CB8 061:265.036 - 0.545ms returns FALSE
T1CB8 061:265.096 JLINK_IsHalted()
T1CB8 061:265.624 - 0.528ms returns FALSE
T48CC 061:308.832 JLINK_IsHalted()
T48CC 061:309.400 - 0.569ms returns FALSE
T48CC 061:309.448 JLINK_IsHalted()
T48CC 061:309.900 - 0.453ms returns FALSE
T48CC 061:419.232 JLINK_IsHalted()
T48CC 061:419.848 - 0.610ms returns FALSE
T48CC 061:419.916 JLINK_IsHalted()
T48CC 061:420.648 - 0.726ms returns FALSE
T48CC 061:528.416 JLINK_IsHalted()
T48CC 061:529.080 - 0.662ms returns FALSE
T48CC 061:529.184 JLINK_IsHalted()
T48CC 061:529.876 - 0.684ms returns FALSE
T48CC 061:637.464 JLINK_IsHalted()
T48CC 061:637.960 - 0.496ms returns FALSE
T48CC 061:637.992 JLINK_IsHalted()
T48CC 061:638.484 - 0.491ms returns FALSE
T48CC 061:747.544 JLINK_IsHalted()
T48CC 061:748.168 - 0.622ms returns FALSE
T48CC 061:748.300 JLINK_IsHalted()
T48CC 061:748.832 - 0.529ms returns FALSE
T48CC 061:856.072 JLINK_IsHalted()
T48CC 061:856.616 - 0.540ms returns FALSE
T48CC 061:856.652 JLINK_IsHalted()
T48CC 061:857.172 - 0.506ms returns FALSE
T48CC 061:965.492 JLINK_IsHalted()
T48CC 061:966.220 - 0.728ms returns FALSE
T48CC 061:966.328 JLINK_IsHalted()
T48CC 061:967.008 - 0.673ms returns FALSE
T48CC 062:075.572 JLINK_IsHalted()
T48CC 062:076.308 - 0.732ms returns FALSE
T48CC 062:076.404 JLINK_IsHalted()
T48CC 062:077.080 - 0.676ms returns FALSE
T48CC 062:184.544 JLINK_IsHalted()
T48CC 062:185.268 - 0.717ms returns FALSE
T48CC 062:185.376 JLINK_IsHalted()
T48CC 062:185.908 - 0.527ms returns FALSE
T1CB8 062:266.868 JLINK_IsHalted()
T1CB8 062:267.416 - 0.547ms returns FALSE
T1CB8 062:267.464 JLINK_IsHalted()
T1CB8 062:267.960 - 0.496ms returns FALSE
T48CC 062:293.464 JLINK_IsHalted()
T48CC 062:293.976 - 0.512ms returns FALSE
T48CC 062:294.008 JLINK_IsHalted()
T48CC 062:294.432 - 0.416ms returns FALSE
T48CC 062:403.660 JLINK_IsHalted()
T48CC 062:404.328 - 0.660ms returns FALSE
T48CC 062:404.384 JLINK_IsHalted()
T48CC 062:404.884 - 0.496ms returns FALSE
T48CC 062:512.396 JLINK_IsHalted()
T48CC 062:513.228 - 0.828ms returns FALSE
T48CC 062:513.300 JLINK_IsHalted()
T48CC 062:513.908 - 0.604ms returns FALSE
T48CC 062:621.400 JLINK_IsHalted()
T48CC 062:622.036 - 0.633ms returns FALSE
T48CC 062:622.088 JLINK_IsHalted()
T48CC 062:622.636 - 0.546ms returns FALSE
T48CC 062:731.392 JLINK_IsHalted()
T48CC 062:732.064 - 0.675ms returns FALSE
T48CC 062:732.116 JLINK_IsHalted()
T48CC 062:732.692 - 0.575ms returns FALSE
T48CC 062:840.340 JLINK_IsHalted()
T48CC 062:840.908 - 0.570ms returns FALSE
T48CC 062:840.980 JLINK_IsHalted()
T48CC 062:841.408 - 0.429ms returns FALSE
T48CC 062:949.752 JLINK_IsHalted()
T48CC 062:950.380 - 0.625ms returns FALSE
T48CC 062:950.452 JLINK_IsHalted()
T48CC 062:951.064 - 0.615ms returns FALSE
T48CC 063:058.932 JLINK_IsHalted()
T48CC 063:059.704 - 0.773ms returns FALSE
T48CC 063:059.788 JLINK_IsHalted()
T48CC 063:060.424 - 0.633ms returns FALSE
T48CC 063:168.952 JLINK_IsHalted()
T48CC 063:169.672 - 0.720ms returns FALSE
T48CC 063:169.748 JLINK_IsHalted()
T48CC 063:170.356 - 0.607ms returns FALSE
T1CB8 063:271.864 JLINK_IsHalted()
T1CB8 063:272.588 - 0.724ms returns FALSE
T1CB8 063:272.664 JLINK_IsHalted()
T1CB8 063:273.384 - 0.717ms returns FALSE
T48CC 063:277.752 JLINK_IsHalted()
T48CC 063:278.472 - 0.717ms returns FALSE
T48CC 063:278.568 JLINK_IsHalted()
T48CC 063:279.220 - 0.649ms returns FALSE
T48CC 063:387.820 JLINK_IsHalted()
T48CC 063:388.392 - 0.572ms returns FALSE
T48CC 063:388.436 JLINK_IsHalted()
T48CC 063:388.928 - 0.487ms returns FALSE
T48CC 063:496.856 JLINK_IsHalted()
T48CC 063:497.504 - 0.644ms returns FALSE
T48CC 063:497.548 JLINK_IsHalted()
T48CC 063:498.152 - 0.601ms returns FALSE
T48CC 063:605.856 JLINK_IsHalted()
T48CC 063:606.508 - 0.645ms returns FALSE
T48CC 063:606.548 JLINK_IsHalted()
T48CC 063:607.156 - 0.600ms returns FALSE
T48CC 063:715.124 JLINK_IsHalted()
T48CC 063:715.864 - 0.739ms returns FALSE
T48CC 063:715.944 JLINK_IsHalted()
T48CC 063:716.576 - 0.626ms returns FALSE
T48CC 063:824.984 JLINK_IsHalted()
T48CC 063:825.576 - 0.593ms returns FALSE
T48CC 063:825.640 JLINK_IsHalted()
T48CC 063:826.184 - 0.541ms returns FALSE
T48CC 063:937.112 JLINK_IsHalted()
T48CC 063:937.720 - 0.610ms returns FALSE
T48CC 063:937.800 JLINK_IsHalted()
T48CC 063:938.456 - 0.662ms returns FALSE
T48CC 064:045.560 JLINK_IsHalted()
T48CC 064:046.188 - 0.623ms returns FALSE
T48CC 064:046.264 JLINK_IsHalted()
T48CC 064:046.888 - 0.623ms returns FALSE
T48CC 064:153.440 JLINK_IsHalted()
T48CC 064:153.912 - 0.473ms returns FALSE
T48CC 064:153.960 JLINK_IsHalted()
T48CC 064:154.440 - 0.473ms returns FALSE
T48CC 064:262.472 JLINK_IsHalted()
T48CC 064:262.964 - 0.486ms returns FALSE
T48CC 064:263.008 JLINK_IsHalted()
T48CC 064:263.512 - 0.506ms returns FALSE
T1CB8 064:275.072 JLINK_IsHalted()
T1CB8 064:275.592 - 0.517ms returns FALSE
T1CB8 064:275.640 JLINK_IsHalted()
T1CB8 064:276.160 - 0.515ms returns FALSE
T48CC 064:371.424 JLINK_IsHalted()
T48CC 064:371.948 - 0.527ms returns FALSE
T48CC 064:371.992 JLINK_IsHalted()
T48CC 064:372.520 - 0.520ms returns FALSE
T48CC 064:481.216 JLINK_IsHalted()
T48CC 064:481.908 - 0.688ms returns FALSE
T48CC 064:481.976 JLINK_IsHalted()
T48CC 064:482.700 - 0.720ms returns FALSE
T48CC 064:590.360 JLINK_IsHalted()
T48CC 064:590.968 - 0.609ms returns FALSE
T48CC 064:591.136 JLINK_IsHalted()
T48CC 064:591.724 - 0.581ms returns FALSE
T48CC 064:699.444 JLINK_IsHalted()
T48CC 064:700.064 - 0.620ms returns FALSE
T48CC 064:700.120 JLINK_IsHalted()
T48CC 064:700.712 - 0.587ms returns FALSE
T48CC 064:809.528 JLINK_IsHalted()
T48CC 064:810.252 - 0.719ms returns FALSE
T48CC 064:810.324 JLINK_IsHalted()
T48CC 064:810.932 - 0.607ms returns FALSE
T48CC 064:918.344 JLINK_IsHalted()
T48CC 064:918.888 - 0.543ms returns FALSE
T48CC 064:918.964 JLINK_IsHalted()
T48CC 064:919.508 - 0.542ms returns FALSE
T48CC 065:029.856 JLINK_IsHalted()
T48CC 065:030.548 - 0.688ms returns FALSE
T48CC 065:030.604 JLINK_IsHalted()
T48CC 065:031.188 - 0.581ms returns FALSE
T48CC 065:137.096 JLINK_IsHalted()
T48CC 065:137.684 - 0.587ms returns FALSE
T48CC 065:137.748 JLINK_IsHalted()
T48CC 065:138.376 - 0.623ms returns FALSE
T48CC 065:247.176 JLINK_IsHalted()
T48CC 065:247.828 - 0.654ms returns FALSE
T48CC 065:247.884 JLINK_IsHalted()
T48CC 065:248.520 - 0.628ms returns FALSE
T1CB8 065:277.548 JLINK_IsHalted()
T1CB8 065:278.200 - 0.654ms returns FALSE
T1CB8 065:278.260 JLINK_IsHalted()
T1CB8 065:278.836 - 0.580ms returns FALSE
T48CC 065:356.088 JLINK_IsHalted()
T48CC 065:356.664 - 0.576ms returns FALSE
T48CC 065:356.724 JLINK_IsHalted()
T48CC 065:357.240 - 0.518ms returns FALSE
T48CC 065:465.248 JLINK_IsHalted()
T48CC 065:465.900 - 0.657ms returns FALSE
T48CC 065:465.960 JLINK_IsHalted()
T48CC 065:466.560 - 0.594ms returns FALSE
T48CC 065:575.000 JLINK_IsHalted()
T48CC 065:575.544 - 0.545ms returns FALSE
T48CC 065:575.592 JLINK_IsHalted()
T48CC 065:576.008 - 0.416ms returns FALSE
T48CC 065:684.172 JLINK_IsHalted()
T48CC 065:684.692 - 0.515ms returns FALSE
T48CC 065:684.736 JLINK_IsHalted()
T48CC 065:685.256 - 0.519ms returns FALSE
T48CC 065:793.996 JLINK_IsHalted()
T48CC 065:794.520 - 0.528ms returns FALSE
T48CC 065:794.584 JLINK_IsHalted()
T48CC 065:795.020 - 0.435ms returns FALSE
T48CC 065:903.284 JLINK_IsHalted()
T48CC 065:903.828 - 0.541ms returns FALSE
T48CC 065:903.872 JLINK_IsHalted()
T48CC 065:904.280 - 0.406ms returns FALSE
T48CC 066:012.512 JLINK_IsHalted()
T48CC 066:013.048 - 0.534ms returns FALSE
T48CC 066:013.096 JLINK_IsHalted()
T48CC 066:013.556 - 0.461ms returns FALSE
T48CC 066:121.256 JLINK_IsHalted()
T48CC 066:121.656 - 0.404ms returns FALSE
T48CC 066:121.688 JLINK_IsHalted()
T48CC 066:122.100 - 0.412ms returns FALSE
T48CC 066:231.028 JLINK_IsHalted()
T48CC 066:231.488 - 0.460ms returns FALSE
T48CC 066:231.520 JLINK_IsHalted()
T48CC 066:231.948 - 0.429ms returns FALSE
T1CB8 066:280.300 JLINK_IsHalted()
T1CB8 066:280.664 - 0.366ms returns FALSE
T1CB8 066:280.692 JLINK_IsHalted()
T1CB8 066:281.064 - 0.376ms returns FALSE
T48CC 066:340.140 JLINK_IsHalted()
T48CC 066:340.864 - 0.718ms returns FALSE
T48CC 066:340.968 JLINK_IsHalted()
T48CC 066:341.632 - 0.664ms returns FALSE
T48CC 066:449.620 JLINK_IsHalted()
T48CC 066:450.176 - 0.558ms returns FALSE
T48CC 066:450.220 JLINK_IsHalted()
T48CC 066:450.664 - 0.436ms returns FALSE
T48CC 066:558.712 JLINK_IsHalted()
T48CC 066:559.304 - 0.587ms returns FALSE
T48CC 066:559.340 JLINK_IsHalted()
T48CC 066:559.892 - 0.545ms returns FALSE
T48CC 066:669.600 JLINK_IsHalted()
T48CC 066:670.188 - 0.589ms returns FALSE
T48CC 066:670.252 JLINK_IsHalted()
T48CC 066:670.804 - 0.549ms returns FALSE
T48CC 066:777.844 JLINK_IsHalted()
T48CC 066:778.476 - 0.631ms returns FALSE
T48CC 066:778.584 JLINK_IsHalted()
T48CC 066:779.052 - 0.470ms returns FALSE
T48CC 066:888.024 JLINK_IsHalted()
T48CC 066:888.584 - 0.554ms returns FALSE
T48CC 066:888.640 JLINK_IsHalted()
T48CC 066:889.192 - 0.546ms returns FALSE
T48CC 066:996.236 JLINK_IsHalted()
T48CC 066:996.908 - 0.666ms returns FALSE
T48CC 066:996.980 JLINK_IsHalted()
T48CC 066:997.592 - 0.616ms returns FALSE
T48CC 067:105.792 JLINK_IsHalted()
T48CC 067:106.452 - 0.659ms returns FALSE
T48CC 067:106.508 JLINK_IsHalted()
T48CC 067:107.276 - 0.766ms returns FALSE
T48CC 067:215.792 JLINK_IsHalted()
T48CC 067:216.360 - 0.560ms returns FALSE
T48CC 067:216.408 JLINK_IsHalted()
T48CC 067:216.976 - 0.557ms returns FALSE
T1CB8 067:282.192 JLINK_IsHalted()
T1CB8 067:282.712 - 0.525ms returns FALSE
T1CB8 067:282.768 JLINK_IsHalted()
T1CB8 067:283.352 - 0.576ms returns FALSE
T48CC 067:324.912 JLINK_IsHalted()
T48CC 067:325.520 - 0.594ms returns FALSE
T48CC 067:325.608 JLINK_IsHalted()
T48CC 067:326.144 - 0.533ms returns FALSE
T48CC 067:434.576 JLINK_IsHalted()
T48CC 067:435.184 - 0.596ms returns FALSE
T48CC 067:435.232 JLINK_IsHalted()
T48CC 067:435.800 - 0.567ms returns FALSE
T48CC 067:543.568 JLINK_IsHalted()
T48CC 067:544.176 - 0.609ms returns FALSE
T48CC 067:544.216 JLINK_IsHalted()
T48CC 067:544.752 - 0.532ms returns FALSE
T48CC 067:652.752 JLINK_IsHalted()
T48CC 067:653.288 - 0.533ms returns FALSE
T48CC 067:653.328 JLINK_IsHalted()
T48CC 067:653.936 - 0.599ms returns FALSE
T48CC 067:762.168 JLINK_IsHalted()
T48CC 067:762.776 - 0.601ms returns FALSE
T48CC 067:762.832 JLINK_IsHalted()
T48CC 067:763.416 - 0.581ms returns FALSE
T48CC 067:871.784 JLINK_IsHalted()
T48CC 067:872.440 - 0.659ms returns FALSE
T48CC 067:872.496 JLINK_IsHalted()
T48CC 067:873.056 - 0.556ms returns FALSE
T48CC 067:981.448 JLINK_IsHalted()
T48CC 067:982.040 - 0.593ms returns FALSE
T48CC 067:982.112 JLINK_IsHalted()
T48CC 067:982.648 - 0.539ms returns FALSE
T48CC 068:090.360 JLINK_IsHalted()
T48CC 068:091.008 - 0.643ms returns FALSE
T48CC 068:091.064 JLINK_IsHalted()
T48CC 068:091.640 - 0.572ms returns FALSE
T48CC 068:200.328 JLINK_IsHalted()
T48CC 068:200.896 - 0.571ms returns FALSE
T48CC 068:200.952 JLINK_IsHalted()
T48CC 068:201.552 - 0.590ms returns FALSE
T1CB8 068:284.976 JLINK_IsHalted()
T1CB8 068:285.648 - 0.668ms returns FALSE
T1CB8 068:285.704 JLINK_IsHalted()
T1CB8 068:286.320 - 0.607ms returns FALSE
T48CC 068:309.296 JLINK_IsHalted()
T48CC 068:309.904 - 0.601ms returns FALSE
T48CC 068:309.960 JLINK_IsHalted()
T48CC 068:310.512 - 0.548ms returns FALSE
T48CC 068:418.744 JLINK_IsHalted()
T48CC 068:419.296 - 0.548ms returns FALSE
T48CC 068:419.336 JLINK_IsHalted()
T48CC 068:419.824 - 0.492ms returns FALSE
T48CC 068:527.576 JLINK_IsHalted()
T48CC 068:528.048 - 0.474ms returns FALSE
T48CC 068:528.112 JLINK_IsHalted()
T48CC 068:528.552 - 0.441ms returns FALSE
T48CC 068:637.824 JLINK_IsHalted()
T48CC 068:638.448 - 0.619ms returns FALSE
T48CC 068:638.496 JLINK_IsHalted()
T48CC 068:638.968 - 0.474ms returns FALSE
T48CC 068:746.816 JLINK_IsHalted()
T48CC 068:747.536 - 0.715ms returns FALSE
T48CC 068:747.608 JLINK_IsHalted()
T48CC 068:748.224 - 0.610ms returns FALSE
T48CC 068:856.208 JLINK_IsHalted()
T48CC 068:856.840 - 0.623ms returns FALSE
T48CC 068:856.888 JLINK_IsHalted()
T48CC 068:857.496 - 0.607ms returns FALSE
T48CC 068:965.680 JLINK_IsHalted()
T48CC 068:966.280 - 0.596ms returns FALSE
T48CC 068:966.320 JLINK_IsHalted()
T48CC 068:966.832 - 0.507ms returns FALSE
T48CC 069:074.704 JLINK_IsHalted()
T48CC 069:075.240 - 0.528ms returns FALSE
T48CC 069:075.280 JLINK_IsHalted()
T48CC 069:075.744 - 0.463ms returns FALSE
T48CC 069:184.592 JLINK_IsHalted()
T48CC 069:185.048 - 0.459ms returns FALSE
T48CC 069:185.080 JLINK_IsHalted()
T48CC 069:185.496 - 0.414ms returns FALSE
T1CB8 069:287.344 JLINK_IsHalted()
T1CB8 069:288.064 - 0.711ms returns FALSE
T1CB8 069:288.168 JLINK_IsHalted()
T1CB8 069:288.824 - 0.658ms returns FALSE
T48CC 069:293.872 JLINK_IsHalted()
T48CC 069:294.584 - 0.720ms returns FALSE
T48CC 069:294.672 JLINK_IsHalted()
T48CC 069:295.288 - 0.622ms returns FALSE
T48CC 069:402.888 JLINK_IsHalted()
T48CC 069:403.624 - 0.738ms returns FALSE
T48CC 069:403.696 JLINK_IsHalted()
T48CC 069:404.528 - 0.827ms returns FALSE
T48CC 069:512.576 JLINK_IsHalted()
T48CC 069:513.104 - 0.523ms returns FALSE
T48CC 069:513.144 JLINK_IsHalted()
T48CC 069:513.616 - 0.476ms returns FALSE
T48CC 069:622.960 JLINK_IsHalted()
T48CC 069:623.600 - 0.641ms returns FALSE
T48CC 069:623.656 JLINK_IsHalted()
T48CC 069:624.320 - 0.659ms returns FALSE
T48CC 069:730.792 JLINK_IsHalted()
T48CC 069:731.480 - 0.690ms returns FALSE
T48CC 069:731.536 JLINK_IsHalted()
T48CC 069:732.136 - 0.591ms returns FALSE
T48CC 069:840.048 JLINK_IsHalted()
T48CC 069:840.680 - 0.630ms returns FALSE
T48CC 069:840.736 JLINK_IsHalted()
T48CC 069:841.304 - 0.565ms returns FALSE
T48CC 069:950.072 JLINK_IsHalted()
T48CC 069:950.704 - 0.637ms returns FALSE
T48CC 069:950.768 JLINK_IsHalted()
T48CC 069:951.344 - 0.575ms returns FALSE
T48CC 070:059.136 JLINK_IsHalted()
T48CC 070:059.760 - 0.626ms returns FALSE
T48CC 070:059.816 JLINK_IsHalted()
T48CC 070:060.400 - 0.576ms returns FALSE
T48CC 070:168.368 JLINK_IsHalted()
T48CC 070:169.008 - 0.647ms returns FALSE
T48CC 070:169.112 JLINK_IsHalted()
T48CC 070:169.752 - 0.637ms returns FALSE
T48CC 070:278.256 JLINK_IsHalted()
T48CC 070:278.880 - 0.629ms returns FALSE
T48CC 070:278.960 JLINK_IsHalted()
T48CC 070:279.448 - 0.492ms returns FALSE
T1CB8 070:289.584 JLINK_IsHalted()
T1CB8 070:290.288 - 0.698ms returns FALSE
T1CB8 070:290.352 JLINK_IsHalted()
T1CB8 070:290.992 - 0.636ms returns FALSE
T48CC 070:387.120 JLINK_IsHalted()
T48CC 070:387.752 - 0.633ms returns FALSE
T48CC 070:387.808 JLINK_IsHalted()
T48CC 070:388.336 - 0.528ms returns FALSE
T48CC 070:497.336 JLINK_IsHalted()
T48CC 070:497.808 - 0.467ms returns FALSE
T48CC 070:497.848 JLINK_IsHalted()
T48CC 070:498.376 - 0.518ms returns FALSE
T48CC 070:606.512 JLINK_IsHalted()
T48CC 070:607.088 - 0.576ms returns FALSE
T48CC 070:607.144 JLINK_IsHalted()
T48CC 070:607.648 - 0.503ms returns FALSE
T48CC 070:715.208 JLINK_IsHalted()
T48CC 070:715.816 - 0.607ms returns FALSE
T48CC 070:715.856 JLINK_IsHalted()
T48CC 070:716.392 - 0.529ms returns FALSE
T48CC 070:825.168 JLINK_IsHalted()
T48CC 070:825.712 - 0.546ms returns FALSE
T48CC 070:825.760 JLINK_IsHalted()
T48CC 070:826.216 - 0.450ms returns FALSE
T48CC 070:934.416 JLINK_IsHalted()
T48CC 070:935.136 - 0.715ms returns FALSE
T48CC 070:935.248 JLINK_IsHalted()
T48CC 070:935.856 - 0.609ms returns FALSE
T48CC 071:043.728 JLINK_IsHalted()
T48CC 071:044.400 - 0.677ms returns FALSE
T48CC 071:044.472 JLINK_IsHalted()
T48CC 071:045.040 - 0.563ms returns FALSE
T48CC 071:152.688 JLINK_IsHalted()
T48CC 071:153.352 - 0.659ms returns FALSE
T48CC 071:153.424 JLINK_IsHalted()
T48CC 071:154.096 - 0.674ms returns FALSE
T48CC 071:262.016 JLINK_IsHalted()
T48CC 071:262.472 - 0.452ms returns FALSE
T48CC 071:262.528 JLINK_IsHalted()
T48CC 071:262.904 - 0.377ms returns FALSE
T1CB8 071:291.568 JLINK_IsHalted()
T1CB8 071:292.048 - 0.475ms returns FALSE
T1CB8 071:292.096 JLINK_IsHalted()
T1CB8 071:292.600 - 0.507ms returns FALSE
T48CC 071:371.936 JLINK_IsHalted()
T48CC 071:372.512 - 0.575ms returns FALSE
T48CC 071:372.552 JLINK_IsHalted()
T48CC 071:373.056 - 0.503ms returns FALSE
T48CC 071:481.072 JLINK_IsHalted()
T48CC 071:481.592 - 0.516ms returns FALSE
T48CC 071:481.640 JLINK_IsHalted()
T48CC 071:482.152 - 0.514ms returns FALSE
T48CC 071:590.352 JLINK_IsHalted()
T48CC 071:590.840 - 0.488ms returns FALSE
T48CC 071:590.888 JLINK_IsHalted()
T48CC 071:591.416 - 0.528ms returns FALSE
T48CC 071:699.784 JLINK_IsHalted()
T48CC 071:700.184 - 0.401ms returns FALSE
T48CC 071:700.216 JLINK_IsHalted()
T48CC 071:700.568 - 0.350ms returns FALSE
T48CC 071:808.912 JLINK_IsHalted()
T48CC 071:809.424 - 0.514ms returns FALSE
T48CC 071:809.488 JLINK_IsHalted()
T48CC 071:809.960 - 0.473ms returns FALSE
T48CC 071:918.752 JLINK_IsHalted()
T48CC 071:919.240 - 0.486ms returns FALSE
T48CC 071:919.280 JLINK_IsHalted()
T48CC 071:919.696 - 0.407ms returns FALSE
T48CC 072:027.984 JLINK_IsHalted()
T48CC 072:028.784 - 0.792ms returns FALSE
T48CC 072:028.848 JLINK_IsHalted()
T48CC 072:029.336 - 0.487ms returns FALSE
T48CC 072:137.968 JLINK_IsHalted()
T48CC 072:138.480 - 0.492ms returns FALSE
T48CC 072:138.528 JLINK_IsHalted()
T48CC 072:139.008 - 0.472ms returns FALSE
T48CC 072:247.192 JLINK_IsHalted()
T48CC 072:247.920 - 0.725ms returns FALSE
T48CC 072:248.064 JLINK_IsHalted()
T48CC 072:248.616 - 0.547ms returns FALSE
T1CB8 072:294.552 JLINK_IsHalted()
T1CB8 072:295.248 - 0.699ms returns FALSE
T1CB8 072:295.352 JLINK_IsHalted()
T1CB8 072:296.152 - 0.801ms returns FALSE
T48CC 072:356.400 JLINK_IsHalted()
T48CC 072:356.912 - 0.511ms returns FALSE
T48CC 072:356.944 JLINK_IsHalted()
T48CC 072:357.456 - 0.503ms returns FALSE
T48CC 072:465.616 JLINK_IsHalted()
T48CC 072:466.280 - 0.659ms returns FALSE
T48CC 072:466.352 JLINK_IsHalted()
T48CC 072:467.040 - 0.679ms returns FALSE
T48CC 072:574.600 JLINK_IsHalted()
T48CC 072:575.200 - 0.599ms returns FALSE
T48CC 072:575.248 JLINK_IsHalted()
T48CC 072:575.728 - 0.485ms returns FALSE
T48CC 072:683.888 JLINK_IsHalted()
T48CC 072:684.576 - 0.680ms returns FALSE
T48CC 072:684.656 JLINK_IsHalted()
T48CC 072:685.272 - 0.614ms returns FALSE
T48CC 072:793.368 JLINK_IsHalted()
T48CC 072:793.848 - 0.480ms returns FALSE
T48CC 072:793.880 JLINK_IsHalted()
T48CC 072:794.352 - 0.473ms returns FALSE
T48CC 072:902.896 JLINK_IsHalted()
T48CC 072:903.600 - 0.702ms returns FALSE
T48CC 072:903.736 JLINK_IsHalted()
T48CC 072:904.376 - 0.639ms returns FALSE
T48CC 073:012.712 JLINK_IsHalted()
T48CC 073:013.448 - 0.734ms returns FALSE
T48CC 073:013.552 JLINK_IsHalted()
T48CC 073:014.208 - 0.660ms returns FALSE
T48CC 073:121.720 JLINK_IsHalted()
T48CC 073:122.256 - 0.532ms returns FALSE
T48CC 073:122.296 JLINK_IsHalted()
T48CC 073:122.792 - 0.490ms returns FALSE
T48CC 073:231.280 JLINK_IsHalted()
T48CC 073:231.880 - 0.601ms returns FALSE
T48CC 073:231.928 JLINK_IsHalted()
T48CC 073:232.472 - 0.542ms returns FALSE
T1CB8 073:297.712 JLINK_IsHalted()
T1CB8 073:298.512 - 0.797ms returns FALSE
T1CB8 073:298.584 JLINK_IsHalted()
T1CB8 073:299.248 - 0.658ms returns FALSE
T48CC 073:342.096 JLINK_IsHalted()
T48CC 073:342.984 - 0.881ms returns FALSE
T48CC 073:343.056 JLINK_IsHalted()
T48CC 073:343.696 - 0.638ms returns FALSE
T48CC 073:449.936 JLINK_IsHalted()
T48CC 073:450.664 - 0.733ms returns FALSE
T48CC 073:450.816 JLINK_IsHalted()
T48CC 073:451.512 - 0.697ms returns FALSE
T48CC 073:559.272 JLINK_IsHalted()
T48CC 073:559.800 - 0.526ms returns FALSE
T48CC 073:559.840 JLINK_IsHalted()
T48CC 073:560.360 - 0.515ms returns FALSE
T48CC 073:668.840 JLINK_IsHalted()
T48CC 073:669.480 - 0.640ms returns FALSE
T48CC 073:669.520 JLINK_IsHalted()
T48CC 073:670.072 - 0.547ms returns FALSE
T48CC 073:778.160 JLINK_IsHalted()
T48CC 073:778.888 - 0.726ms returns FALSE
T48CC 073:778.960 JLINK_IsHalted()
T48CC 073:779.568 - 0.607ms returns FALSE
T48CC 073:887.664 JLINK_IsHalted()
T48CC 073:888.296 - 0.630ms returns FALSE
T48CC 073:888.344 JLINK_IsHalted()
T48CC 073:888.944 - 0.591ms returns FALSE
T48CC 073:997.328 JLINK_IsHalted()
T48CC 073:998.000 - 0.670ms returns FALSE
T48CC 073:998.088 JLINK_IsHalted()
T48CC 073:998.728 - 0.642ms returns FALSE
T48CC 074:106.176 JLINK_IsHalted()
T48CC 074:106.896 - 0.720ms returns FALSE
T48CC 074:106.944 JLINK_IsHalted()
T48CC 074:107.408 - 0.469ms returns FALSE
T48CC 074:215.264 JLINK_IsHalted()
T48CC 074:215.776 - 0.514ms returns FALSE
T48CC 074:215.816 JLINK_IsHalted()
T48CC 074:216.208 - 0.400ms returns FALSE
T1CB8 074:301.480 JLINK_IsHalted()
T1CB8 074:302.192 - 0.727ms returns FALSE
T1CB8 074:302.264 JLINK_IsHalted()
T1CB8 074:302.976 - 0.707ms returns FALSE
T48CC 074:326.008 JLINK_IsHalted()
T48CC 074:326.640 - 0.630ms returns FALSE
T48CC 074:326.712 JLINK_IsHalted()
T48CC 074:327.328 - 0.611ms returns FALSE
T48CC 074:435.056 JLINK_IsHalted()
T48CC 074:435.664 - 0.610ms returns FALSE
T48CC 074:435.744 JLINK_IsHalted()
T48CC 074:436.368 - 0.627ms returns FALSE
T48CC 074:543.168 JLINK_IsHalted()
T48CC 074:543.760 - 0.588ms returns FALSE
T48CC 074:543.800 JLINK_IsHalted()
T48CC 074:544.304 - 0.501ms returns FALSE
T48CC 074:652.720 JLINK_IsHalted()
T48CC 074:653.280 - 0.555ms returns FALSE
T48CC 074:653.296 JLINK_IsHalted()
T48CC 074:653.712 - 0.412ms returns FALSE
T48CC 074:762.312 JLINK_IsHalted()
T48CC 074:762.832 - 0.528ms returns FALSE
T48CC 074:762.896 JLINK_IsHalted()
T48CC 074:763.416 - 0.524ms returns FALSE
T48CC 074:872.104 JLINK_IsHalted()
T48CC 074:872.720 - 0.623ms returns FALSE
T48CC 074:872.784 JLINK_IsHalted()
T48CC 074:873.320 - 0.539ms returns FALSE
T48CC 074:981.136 JLINK_IsHalted()
T48CC 074:981.936 - 0.794ms returns FALSE
T48CC 074:982.008 JLINK_IsHalted()
T48CC 074:982.608 - 0.589ms returns FALSE
T48CC 075:090.104 JLINK_IsHalted()
T48CC 075:090.824 - 0.716ms returns FALSE
T48CC 075:090.896 JLINK_IsHalted()
T48CC 075:091.632 - 0.732ms returns FALSE
T48CC 075:199.512 JLINK_IsHalted()
T48CC 075:200.096 - 0.580ms returns FALSE
T48CC 075:200.144 JLINK_IsHalted()
T48CC 075:200.680 - 0.541ms returns FALSE
T1CB8 075:305.040 JLINK_IsHalted()
T1CB8 075:305.728 - 0.692ms returns FALSE
T1CB8 075:305.808 JLINK_IsHalted()
T1CB8 075:306.400 - 0.595ms returns FALSE
T48CC 075:309.288 JLINK_IsHalted()
T48CC 075:310.016 - 0.731ms returns FALSE
T48CC 075:310.128 JLINK_IsHalted()
T48CC 075:310.696 - 0.563ms returns FALSE
T48CC 075:419.192 JLINK_IsHalted()
T48CC 075:419.752 - 0.553ms returns FALSE
T48CC 075:419.792 JLINK_IsHalted()
T48CC 075:420.240 - 0.449ms returns FALSE
T48CC 075:528.032 JLINK_IsHalted()
T48CC 075:528.592 - 0.552ms returns FALSE
T48CC 075:528.632 JLINK_IsHalted()
T48CC 075:529.144 - 0.509ms returns FALSE
T48CC 075:637.624 JLINK_IsHalted()
T48CC 075:638.352 - 0.725ms returns FALSE
T48CC 075:638.416 JLINK_IsHalted()
T48CC 075:639.000 - 0.586ms returns FALSE
T48CC 075:746.672 JLINK_IsHalted()
T48CC 075:747.232 - 0.555ms returns FALSE
T48CC 075:747.304 JLINK_IsHalted()
T48CC 075:747.840 - 0.538ms returns FALSE
T48CC 075:856.056 JLINK_IsHalted()
T48CC 075:856.576 - 0.516ms returns FALSE
T48CC 075:856.616 JLINK_IsHalted()
T48CC 075:857.064 - 0.446ms returns FALSE
T48CC 075:965.328 JLINK_IsHalted()
T48CC 075:966.072 - 0.742ms returns FALSE
T48CC 075:966.152 JLINK_IsHalted()
T48CC 075:966.800 - 0.653ms returns FALSE
T48CC 076:075.272 JLINK_IsHalted()
T48CC 076:076.016 - 0.742ms returns FALSE
T48CC 076:076.088 JLINK_IsHalted()
T48CC 076:076.712 - 0.620ms returns FALSE
T48CC 076:184.000 JLINK_IsHalted()
T48CC 076:184.528 - 0.528ms returns FALSE
T48CC 076:184.576 JLINK_IsHalted()
T48CC 076:185.064 - 0.485ms returns FALSE
T48CC 076:293.288 JLINK_IsHalted()
T48CC 076:294.032 - 0.738ms returns FALSE
T48CC 076:294.096 JLINK_IsHalted()
T48CC 076:294.760 - 0.656ms returns FALSE
T1CB8 076:307.728 JLINK_IsHalted()
T1CB8 076:308.400 - 0.675ms returns FALSE
T1CB8 076:308.472 JLINK_IsHalted()
T1CB8 076:309.128 - 0.644ms returns FALSE
T48CC 076:404.152 JLINK_IsHalted()
T48CC 076:404.712 - 0.558ms returns FALSE
T48CC 076:404.784 JLINK_IsHalted()
T48CC 076:405.424 - 0.634ms returns FALSE
T48CC 076:512.400 JLINK_IsHalted()
T48CC 076:513.168 - 0.769ms returns FALSE
T48CC 076:513.264 JLINK_IsHalted()
T48CC 076:513.872 - 0.606ms returns FALSE
T48CC 076:621.672 JLINK_IsHalted()
T48CC 076:622.216 - 0.545ms returns FALSE
T48CC 076:622.264 JLINK_IsHalted()
T48CC 076:622.664 - 0.392ms returns FALSE
T48CC 076:730.768 JLINK_IsHalted()
T48CC 076:731.280 - 0.511ms returns FALSE
T48CC 076:731.320 JLINK_IsHalted()
T48CC 076:731.760 - 0.435ms returns FALSE
T48CC 076:840.336 JLINK_IsHalted()
T48CC 076:840.984 - 0.642ms returns FALSE
T48CC 076:841.008 JLINK_IsHalted()
T48CC 076:841.392 - 0.384ms returns FALSE
T48CC 076:949.512 JLINK_IsHalted()
T48CC 076:950.048 - 0.536ms returns FALSE
T48CC 076:950.096 JLINK_IsHalted()
T48CC 076:950.672 - 0.573ms returns FALSE
T48CC 077:058.744 JLINK_IsHalted()
T48CC 077:059.264 - 0.521ms returns FALSE
T48CC 077:059.312 JLINK_IsHalted()
T48CC 077:059.816 - 0.507ms returns FALSE
T48CC 077:168.624 JLINK_IsHalted()
T48CC 077:169.136 - 0.507ms returns FALSE
T48CC 077:169.192 JLINK_IsHalted()
T48CC 077:169.680 - 0.491ms returns FALSE
T48CC 077:278.408 JLINK_IsHalted()
T48CC 077:278.944 - 0.539ms returns FALSE
T48CC 077:278.992 JLINK_IsHalted()
T48CC 077:279.504 - 0.517ms returns FALSE
T1CB8 077:309.736 JLINK_IsHalted()
T1CB8 077:310.280 - 0.539ms returns FALSE
T1CB8 077:310.320 JLINK_IsHalted()
T1CB8 077:310.840 - 0.515ms returns FALSE
T48CC 077:387.120 JLINK_IsHalted()
T48CC 077:387.672 - 0.561ms returns FALSE
T48CC 077:387.720 JLINK_IsHalted()
T48CC 077:388.208 - 0.484ms returns FALSE
T48CC 077:497.104 JLINK_IsHalted()
T48CC 077:497.672 - 0.569ms returns FALSE
T48CC 077:497.712 JLINK_IsHalted()
T48CC 077:498.256 - 0.535ms returns FALSE
T48CC 077:606.112 JLINK_IsHalted()
T48CC 077:606.672 - 0.560ms returns FALSE
T48CC 077:606.720 JLINK_IsHalted()
T48CC 077:607.256 - 0.535ms returns FALSE
T48CC 077:715.104 JLINK_IsHalted()
T48CC 077:715.688 - 0.578ms returns FALSE
T48CC 077:715.728 JLINK_IsHalted()
T48CC 077:716.208 - 0.477ms returns FALSE
T48CC 077:825.040 JLINK_IsHalted()
T48CC 077:825.648 - 0.597ms returns FALSE
T48CC 077:825.704 JLINK_IsHalted()
T48CC 077:826.664 - 0.953ms returns FALSE
T48CC 077:934.368 JLINK_IsHalted()
T48CC 077:934.992 - 0.622ms returns FALSE
T48CC 077:935.072 JLINK_IsHalted()
T48CC 077:935.592 - 0.516ms returns FALSE
T48CC 078:043.528 JLINK_IsHalted()
T48CC 078:044.144 - 0.621ms returns FALSE
T48CC 078:044.216 JLINK_IsHalted()
T48CC 078:044.816 - 0.600ms returns FALSE
T48CC 078:153.264 JLINK_IsHalted()
T48CC 078:153.928 - 0.659ms returns FALSE
T48CC 078:154.000 JLINK_IsHalted()
T48CC 078:154.592 - 0.596ms returns FALSE
T48CC 078:262.616 JLINK_IsHalted()
T48CC 078:263.240 - 0.621ms returns FALSE
T48CC 078:263.296 JLINK_IsHalted()
T48CC 078:263.840 - 0.538ms returns FALSE
T1CB8 078:312.016 JLINK_IsHalted()
T1CB8 078:312.600 - 0.579ms returns FALSE
T1CB8 078:312.656 JLINK_IsHalted()
T1CB8 078:313.296 - 0.640ms returns FALSE
T48CC 078:371.480 JLINK_IsHalted()
T48CC 078:372.120 - 0.638ms returns FALSE
T48CC 078:372.176 JLINK_IsHalted()
T48CC 078:372.776 - 0.596ms returns FALSE
T48CC 078:481.456 JLINK_IsHalted()
T48CC 078:482.024 - 0.556ms returns FALSE
T48CC 078:482.064 JLINK_IsHalted()
T48CC 078:482.576 - 0.507ms returns FALSE
T48CC 078:590.704 JLINK_IsHalted()
T48CC 078:591.480 - 0.776ms returns FALSE
T48CC 078:591.592 JLINK_IsHalted()
T48CC 078:592.160 - 0.567ms returns FALSE
T48CC 078:701.104 JLINK_IsHalted()
T48CC 078:701.760 - 0.648ms returns FALSE
T48CC 078:701.840 JLINK_IsHalted()
T48CC 078:702.424 - 0.579ms returns FALSE
T48CC 078:809.288 JLINK_IsHalted()
T48CC 078:810.032 - 0.750ms returns FALSE
T48CC 078:810.160 JLINK_IsHalted()
T48CC 078:810.712 - 0.548ms returns FALSE
T48CC 078:918.888 JLINK_IsHalted()
T48CC 078:919.456 - 0.563ms returns FALSE
T48CC 078:919.496 JLINK_IsHalted()
T48CC 078:919.984 - 0.487ms returns FALSE
T48CC 079:028.400 JLINK_IsHalted()
T48CC 079:029.168 - 0.765ms returns FALSE
T48CC 079:029.248 JLINK_IsHalted()
T48CC 079:029.864 - 0.610ms returns FALSE
T48CC 079:137.744 JLINK_IsHalted()
T48CC 079:138.304 - 0.552ms returns FALSE
T48CC 079:138.344 JLINK_IsHalted()
T48CC 079:138.840 - 0.495ms returns FALSE
T48CC 079:246.720 JLINK_IsHalted()
T48CC 079:247.072 - 0.352ms returns FALSE
T48CC 079:247.088 JLINK_IsHalted()
T48CC 079:247.448 - 0.355ms returns FALSE
T1CB8 079:314.352 JLINK_IsHalted()
T1CB8 079:315.008 - 0.656ms returns FALSE
T1CB8 079:315.096 JLINK_IsHalted()
T1CB8 079:315.760 - 0.655ms returns FALSE
T48CC 079:355.888 JLINK_IsHalted()
T48CC 079:356.592 - 0.701ms returns FALSE
T48CC 079:356.680 JLINK_IsHalted()
T48CC 079:357.296 - 0.621ms returns FALSE
T48CC 079:465.536 JLINK_IsHalted()
T48CC 079:466.304 - 0.764ms returns FALSE
T48CC 079:466.376 JLINK_IsHalted()
T48CC 079:466.984 - 0.606ms returns FALSE
T48CC 079:575.336 JLINK_IsHalted()
T48CC 079:575.928 - 0.593ms returns FALSE
T48CC 079:575.984 JLINK_IsHalted()
T48CC 079:576.448 - 0.467ms returns FALSE
T48CC 079:684.304 JLINK_IsHalted()
T48CC 079:684.992 - 0.685ms returns FALSE
T48CC 079:685.048 JLINK_IsHalted()
T48CC 079:685.640 - 0.587ms returns FALSE
T48CC 079:793.552 JLINK_IsHalted()
T48CC 079:794.320 - 0.766ms returns FALSE
T48CC 079:794.384 JLINK_IsHalted()
T48CC 079:795.008 - 0.622ms returns FALSE
T48CC 079:902.776 JLINK_IsHalted()
T48CC 079:903.376 - 0.599ms returns FALSE
T48CC 079:903.432 JLINK_IsHalted()
T48CC 079:904.032 - 0.599ms returns FALSE
T48CC 080:012.744 JLINK_IsHalted()
T48CC 080:013.376 - 0.630ms returns FALSE
T48CC 080:013.480 JLINK_IsHalted()
T48CC 080:014.048 - 0.570ms returns FALSE
T48CC 080:122.216 JLINK_IsHalted()
T48CC 080:122.872 - 0.660ms returns FALSE
T48CC 080:122.936 JLINK_IsHalted()
T48CC 080:123.496 - 0.555ms returns FALSE
T48CC 080:231.208 JLINK_IsHalted()
T48CC 080:231.784 - 0.577ms returns FALSE
T48CC 080:231.848 JLINK_IsHalted()
T48CC 080:232.576 - 0.729ms returns FALSE
T1CB8 080:316.328 JLINK_IsHalted()
T1CB8 080:316.848 - 0.517ms returns FALSE
T1CB8 080:316.896 JLINK_IsHalted()
T1CB8 080:317.448 - 0.552ms returns FALSE
T48CC 080:340.920 JLINK_IsHalted()
T48CC 080:341.528 - 0.605ms returns FALSE
T48CC 080:341.592 JLINK_IsHalted()
T48CC 080:342.128 - 0.533ms returns FALSE
T48CC 080:449.936 JLINK_IsHalted()
T48CC 080:450.440 - 0.497ms returns FALSE
T48CC 080:450.464 JLINK_IsHalted()
T48CC 080:450.904 - 0.436ms returns FALSE
T48CC 080:558.952 JLINK_IsHalted()
T48CC 080:559.536 - 0.581ms returns FALSE
T48CC 080:559.576 JLINK_IsHalted()
T48CC 080:560.112 - 0.539ms returns FALSE
T48CC 080:668.888 JLINK_IsHalted()
T48CC 080:669.400 - 0.513ms returns FALSE
T48CC 080:669.448 JLINK_IsHalted()
T48CC 080:669.896 - 0.447ms returns FALSE
T48CC 080:777.904 JLINK_IsHalted()
T48CC 080:778.568 - 0.657ms returns FALSE
T48CC 080:778.632 JLINK_IsHalted()
T48CC 080:779.264 - 0.636ms returns FALSE
T48CC 080:887.784 JLINK_IsHalted()
T48CC 080:888.464 - 0.681ms returns FALSE
T48CC 080:888.528 JLINK_IsHalted()
T48CC 080:889.136 - 0.596ms returns FALSE
T48CC 080:996.360 JLINK_IsHalted()
T48CC 080:996.976 - 0.616ms returns FALSE
T48CC 080:997.056 JLINK_IsHalted()
T48CC 080:997.520 - 0.461ms returns FALSE
T48CC 081:105.872 JLINK_IsHalted()
T48CC 081:108.592 - 2.719ms returns FALSE
T48CC 081:108.688 JLINK_IsHalted()
T48CC 081:109.264 - 0.576ms returns FALSE
T48CC 081:215.632 JLINK_IsHalted()
T48CC 081:216.224 - 0.594ms returns FALSE
T48CC 081:216.280 JLINK_IsHalted()
T48CC 081:216.880 - 0.593ms returns FALSE
T1CB8 081:319.408 JLINK_IsHalted()
T1CB8 081:320.088 - 0.678ms returns FALSE
T1CB8 081:320.152 JLINK_IsHalted()
T1CB8 081:320.720 - 0.571ms returns FALSE
T48CC 081:324.432 JLINK_IsHalted()
T48CC 081:325.104 - 0.671ms returns FALSE
T48CC 081:325.168 JLINK_IsHalted()
T48CC 081:325.760 - 0.586ms returns FALSE
T48CC 081:434.192 JLINK_IsHalted()
T48CC 081:434.800 - 0.607ms returns FALSE
T48CC 081:434.856 JLINK_IsHalted()
T48CC 081:435.488 - 0.633ms returns FALSE
T48CC 081:543.104 JLINK_IsHalted()
T48CC 081:543.648 - 0.544ms returns FALSE
T48CC 081:543.696 JLINK_IsHalted()
T48CC 081:544.272 - 0.577ms returns FALSE
T48CC 081:653.536 JLINK_IsHalted()
T48CC 081:654.152 - 0.608ms returns FALSE
T48CC 081:654.192 JLINK_IsHalted()
T48CC 081:654.656 - 0.456ms returns FALSE
T48CC 081:762.400 JLINK_IsHalted()
T48CC 081:762.984 - 0.583ms returns FALSE
T48CC 081:763.040 JLINK_IsHalted()
T48CC 081:763.592 - 0.546ms returns FALSE
T48CC 081:871.616 JLINK_IsHalted()
T48CC 081:872.256 - 0.640ms returns FALSE
T48CC 081:872.304 JLINK_IsHalted()
T48CC 081:872.760 - 0.457ms returns FALSE
T48CC 081:981.392 JLINK_IsHalted()
T48CC 081:981.984 - 0.587ms returns FALSE
T48CC 081:982.032 JLINK_IsHalted()
T48CC 081:982.544 - 0.514ms returns FALSE
T48CC 082:090.456 JLINK_IsHalted()
T48CC 082:090.896 - 0.445ms returns FALSE
T48CC 082:090.928 JLINK_IsHalted()
T48CC 082:091.328 - 0.400ms returns FALSE
T48CC 082:200.192 JLINK_IsHalted()
T48CC 082:200.744 - 0.545ms returns FALSE
T48CC 082:200.784 JLINK_IsHalted()
T48CC 082:201.248 - 0.462ms returns FALSE
T48CC 082:309.200 JLINK_IsHalted()
T48CC 082:309.776 - 0.570ms returns FALSE
T48CC 082:309.816 JLINK_IsHalted()
T48CC 082:310.328 - 0.512ms returns FALSE
T1CB8 082:321.920 JLINK_IsHalted()
T1CB8 082:322.480 - 0.557ms returns FALSE
T1CB8 082:322.528 JLINK_IsHalted()
T1CB8 082:323.080 - 0.543ms returns FALSE
T48CC 082:419.768 JLINK_IsHalted()
T48CC 082:420.304 - 0.533ms returns FALSE
T48CC 082:420.344 JLINK_IsHalted()
T48CC 082:420.808 - 0.457ms returns FALSE
T48CC 082:527.824 JLINK_IsHalted()
T48CC 082:528.360 - 0.538ms returns FALSE
T48CC 082:528.400 JLINK_IsHalted()
T48CC 082:528.856 - 0.453ms returns FALSE
T48CC 082:637.792 JLINK_IsHalted()
T48CC 082:638.448 - 0.655ms returns FALSE
T48CC 082:638.504 JLINK_IsHalted()
T48CC 082:639.064 - 0.560ms returns FALSE
T48CC 082:746.768 JLINK_IsHalted()
T48CC 082:747.336 - 0.566ms returns FALSE
T48CC 082:747.376 JLINK_IsHalted()
T48CC 082:747.912 - 0.532ms returns FALSE
T48CC 082:856.288 JLINK_IsHalted()
T48CC 082:856.816 - 0.524ms returns FALSE
T48CC 082:856.856 JLINK_IsHalted()
T48CC 082:857.392 - 0.532ms returns FALSE
T48CC 082:965.880 JLINK_IsHalted()
T48CC 082:966.448 - 0.568ms returns FALSE
T48CC 082:966.496 JLINK_IsHalted()
T48CC 082:966.992 - 0.503ms returns FALSE
T48CC 083:074.864 JLINK_IsHalted()
T48CC 083:075.408 - 0.545ms returns FALSE
T48CC 083:075.456 JLINK_IsHalted()
T48CC 083:075.984 - 0.524ms returns FALSE
T48CC 083:184.688 JLINK_IsHalted()
T48CC 083:185.160 - 0.467ms returns FALSE
T48CC 083:185.184 JLINK_IsHalted()
T48CC 083:185.584 - 0.398ms returns FALSE
T48CC 083:293.896 JLINK_IsHalted()
T48CC 083:294.384 - 0.483ms returns FALSE
T48CC 083:294.424 JLINK_IsHalted()
T48CC 083:294.856 - 0.426ms returns FALSE
T1CB8 083:324.208 JLINK_IsHalted()
T1CB8 083:324.880 - 0.668ms returns FALSE
T1CB8 083:324.944 JLINK_IsHalted()
T1CB8 083:325.488 - 0.540ms returns FALSE
T48CC 083:402.968 JLINK_IsHalted()
T48CC 083:403.568 - 0.597ms returns FALSE
T48CC 083:403.608 JLINK_IsHalted()
T48CC 083:404.136 - 0.519ms returns FALSE
T48CC 083:512.000 JLINK_IsHalted()
T48CC 083:512.608 - 0.601ms returns FALSE
T48CC 083:512.688 JLINK_IsHalted()
T48CC 083:513.248 - 0.559ms returns FALSE
T48CC 083:622.008 JLINK_IsHalted()
T48CC 083:622.568 - 0.557ms returns FALSE
T48CC 083:622.608 JLINK_IsHalted()
T48CC 083:623.168 - 0.553ms returns FALSE
T48CC 083:731.296 JLINK_IsHalted()
T48CC 083:731.936 - 0.639ms returns FALSE
T48CC 083:732.016 JLINK_IsHalted()
T48CC 083:732.632 - 0.616ms returns FALSE
T48CC 083:840.280 JLINK_IsHalted()
T48CC 083:840.912 - 0.628ms returns FALSE
T48CC 083:841.016 JLINK_IsHalted()
T48CC 083:841.608 - 0.583ms returns FALSE
T48CC 083:950.144 JLINK_IsHalted()
T48CC 083:950.712 - 0.567ms returns FALSE
T48CC 083:950.760 JLINK_IsHalted()
T48CC 083:951.312 - 0.551ms returns FALSE
T48CC 084:059.152 JLINK_IsHalted()
T48CC 084:059.680 - 0.534ms returns FALSE
T48CC 084:059.728 JLINK_IsHalted()
T48CC 084:060.256 - 0.532ms returns FALSE
T48CC 084:168.176 JLINK_IsHalted()
T48CC 084:168.688 - 0.510ms returns FALSE
T48CC 084:168.736 JLINK_IsHalted()
T48CC 084:169.136 - 0.396ms returns FALSE
T48CC 084:278.280 JLINK_IsHalted()
T48CC 084:279.040 - 0.763ms returns FALSE
T48CC 084:279.128 JLINK_IsHalted()
T48CC 084:279.728 - 0.593ms returns FALSE
T1CB8 084:326.848 JLINK_IsHalted()
T1CB8 084:327.544 - 0.698ms returns FALSE
T1CB8 084:327.648 JLINK_IsHalted()
T1CB8 084:328.360 - 0.709ms returns FALSE
T48CC 084:387.312 JLINK_IsHalted()
T48CC 084:388.048 - 0.733ms returns FALSE
T48CC 084:388.136 JLINK_IsHalted()
T48CC 084:388.688 - 0.549ms returns FALSE
T48CC 084:496.344 JLINK_IsHalted()
T48CC 084:496.896 - 0.550ms returns FALSE
T48CC 084:496.944 JLINK_IsHalted()
T48CC 084:497.384 - 0.434ms returns FALSE
T48CC 084:606.288 JLINK_IsHalted()
T48CC 084:607.144 - 0.850ms returns FALSE
T48CC 084:607.256 JLINK_IsHalted()
T48CC 084:607.888 - 0.629ms returns FALSE
T48CC 084:716.088 JLINK_IsHalted()
T48CC 084:716.840 - 0.752ms returns FALSE
T48CC 084:716.912 JLINK_IsHalted()
T48CC 084:717.496 - 0.574ms returns FALSE
T48CC 084:824.736 JLINK_IsHalted()
T48CC 084:825.472 - 0.740ms returns FALSE
T48CC 084:825.552 JLINK_IsHalted()
T48CC 084:826.216 - 0.662ms returns FALSE
T48CC 084:934.416 JLINK_IsHalted()
T48CC 084:935.040 - 0.616ms returns FALSE
T48CC 084:935.096 JLINK_IsHalted()
T48CC 084:935.664 - 0.564ms returns FALSE
T48CC 085:043.408 JLINK_IsHalted()
T48CC 085:044.072 - 0.663ms returns FALSE
T48CC 085:044.128 JLINK_IsHalted()
T48CC 085:044.752 - 0.622ms returns FALSE
T48CC 085:153.472 JLINK_IsHalted()
T48CC 085:154.112 - 0.634ms returns FALSE
T48CC 085:154.192 JLINK_IsHalted()
T48CC 085:154.824 - 0.634ms returns FALSE
T48CC 085:262.416 JLINK_IsHalted()
T48CC 085:263.088 - 0.675ms returns FALSE
T48CC 085:263.216 JLINK_IsHalted()
T48CC 085:263.816 - 0.594ms returns FALSE
T1CB8 085:328.952 JLINK_IsHalted()
T1CB8 085:329.672 - 0.712ms returns FALSE
T1CB8 085:329.744 JLINK_IsHalted()
T1CB8 085:330.400 - 0.657ms returns FALSE
T48CC 085:373.296 JLINK_IsHalted()
T48CC 085:374.064 - 0.762ms returns FALSE
T48CC 085:374.128 JLINK_IsHalted()
T48CC 085:374.952 - 0.818ms returns FALSE
T48CC 085:483.376 JLINK_IsHalted()
T48CC 085:484.120 - 0.746ms returns FALSE
T48CC 085:484.192 JLINK_IsHalted()
T48CC 085:484.936 - 0.741ms returns FALSE
T48CC 085:590.608 JLINK_IsHalted()
T48CC 085:591.184 - 0.576ms returns FALSE
T48CC 085:591.232 JLINK_IsHalted()
T48CC 085:591.792 - 0.555ms returns FALSE
T48CC 085:699.440 JLINK_IsHalted()
T48CC 085:700.080 - 0.637ms returns FALSE
T48CC 085:700.136 JLINK_IsHalted()
T48CC 085:702.352 - 2.214ms returns FALSE
T48CC 085:809.456 JLINK_IsHalted()
T48CC 085:810.136 - 0.675ms returns FALSE
T48CC 085:810.192 JLINK_IsHalted()
T48CC 085:810.768 - 0.580ms returns FALSE
T48CC 085:918.992 JLINK_IsHalted()
T48CC 085:919.672 - 0.684ms returns FALSE
T48CC 085:919.728 JLINK_IsHalted()
T48CC 085:920.352 - 0.613ms returns FALSE
T48CC 086:028.040 JLINK_IsHalted()
T48CC 086:028.680 - 0.637ms returns FALSE
T48CC 086:028.736 JLINK_IsHalted()
T48CC 086:029.296 - 0.565ms returns FALSE
T48CC 086:137.104 JLINK_IsHalted()
T48CC 086:137.720 - 0.612ms returns FALSE
T48CC 086:137.776 JLINK_IsHalted()
T48CC 086:138.416 - 0.630ms returns FALSE
T48CC 086:247.072 JLINK_IsHalted()
T48CC 086:247.672 - 0.599ms returns FALSE
T48CC 086:247.736 JLINK_IsHalted()
T48CC 086:248.368 - 0.627ms returns FALSE
T1CB8 086:332.472 JLINK_IsHalted()
T1CB8 086:333.240 - 0.766ms returns FALSE
T1CB8 086:333.296 JLINK_IsHalted()
T1CB8 086:333.848 - 0.545ms returns FALSE
T48CC 086:355.776 JLINK_IsHalted()
T48CC 086:356.464 - 0.694ms returns FALSE
T48CC 086:356.528 JLINK_IsHalted()
T48CC 086:357.072 - 0.550ms returns FALSE
T48CC 086:465.616 JLINK_IsHalted()
T48CC 086:466.408 - 0.788ms returns FALSE
T48CC 086:466.480 JLINK_IsHalted()
T48CC 086:467.120 - 0.643ms returns FALSE
T48CC 086:574.544 JLINK_IsHalted()
T48CC 086:575.088 - 0.541ms returns FALSE
T48CC 086:575.128 JLINK_IsHalted()
T48CC 086:575.632 - 0.499ms returns FALSE
T48CC 086:684.752 JLINK_IsHalted()
T48CC 086:685.296 - 0.539ms returns FALSE
T48CC 086:685.344 JLINK_IsHalted()
T48CC 086:685.872 - 0.531ms returns FALSE
T48CC 086:793.728 JLINK_IsHalted()
T48CC 086:794.416 - 0.689ms returns FALSE
T48CC 086:794.480 JLINK_IsHalted()
T48CC 086:795.072 - 0.586ms returns FALSE
T48CC 086:902.840 JLINK_IsHalted()
T48CC 086:903.400 - 0.557ms returns FALSE
T48CC 086:903.448 JLINK_IsHalted()
T48CC 086:903.984 - 0.535ms returns FALSE
T48CC 087:012.208 JLINK_IsHalted()
T48CC 087:012.864 - 0.661ms returns FALSE
T48CC 087:013.088 JLINK_IsHalted()
T48CC 087:013.744 - 0.652ms returns FALSE
T48CC 087:121.416 JLINK_IsHalted()
T48CC 087:122.000 - 0.591ms returns FALSE
T48CC 087:122.064 JLINK_IsHalted()
T48CC 087:122.656 - 0.594ms returns FALSE
T48CC 087:231.408 JLINK_IsHalted()
T48CC 087:231.968 - 0.561ms returns FALSE
T48CC 087:232.064 JLINK_IsHalted()
T48CC 087:232.608 - 0.543ms returns FALSE
T1CB8 087:334.952 JLINK_IsHalted()
T1CB8 087:335.512 - 0.559ms returns FALSE
T1CB8 087:335.560 JLINK_IsHalted()
T1CB8 087:336.032 - 0.476ms returns FALSE
T48CC 087:340.608 JLINK_IsHalted()
T48CC 087:341.072 - 0.459ms returns FALSE
T48CC 087:341.120 JLINK_IsHalted()
T48CC 087:341.584 - 0.461ms returns FALSE
T48CC 087:449.464 JLINK_IsHalted()
T48CC 087:449.976 - 0.511ms returns FALSE
T48CC 087:450.024 JLINK_IsHalted()
T48CC 087:450.496 - 0.473ms returns FALSE
T48CC 087:558.928 JLINK_IsHalted()
T48CC 087:559.456 - 0.529ms returns FALSE
T48CC 087:559.504 JLINK_IsHalted()
T48CC 087:560.016 - 0.507ms returns FALSE
T48CC 087:668.496 JLINK_IsHalted()
T48CC 087:669.040 - 0.535ms returns FALSE
T48CC 087:669.072 JLINK_IsHalted()
T48CC 087:669.528 - 0.453ms returns FALSE
T48CC 087:777.864 JLINK_IsHalted()
T48CC 087:778.632 - 0.765ms returns FALSE
T48CC 087:778.704 JLINK_IsHalted()
T48CC 087:779.360 - 0.654ms returns FALSE
T48CC 087:886.944 JLINK_IsHalted()
T48CC 087:887.664 - 0.723ms returns FALSE
T48CC 087:888.216 JLINK_IsHalted()
T48CC 087:888.968 - 0.745ms returns FALSE
T48CC 087:996.992 JLINK_IsHalted()
T48CC 087:997.520 - 0.530ms returns FALSE
T48CC 087:997.568 JLINK_IsHalted()
T48CC 087:998.128 - 0.563ms returns FALSE
T48CC 088:105.904 JLINK_IsHalted()
T48CC 088:106.600 - 0.693ms returns FALSE
T48CC 088:106.712 JLINK_IsHalted()
T48CC 088:107.408 - 0.685ms returns FALSE
T48CC 088:216.304 JLINK_IsHalted()
T48CC 088:217.032 - 0.731ms returns FALSE
T48CC 088:217.104 JLINK_IsHalted()
T48CC 088:217.832 - 0.721ms returns FALSE
T48CC 088:326.952 JLINK_IsHalted()
T48CC 088:327.608 - 0.654ms returns FALSE
T48CC 088:327.720 JLINK_IsHalted()
T48CC 088:328.384 - 0.662ms returns FALSE
T1CB8 088:338.448 JLINK_IsHalted()
T1CB8 088:338.992 - 0.546ms returns FALSE
T1CB8 088:339.064 JLINK_IsHalted()
T1CB8 088:339.728 - 0.668ms returns FALSE
T48CC 088:434.392 JLINK_IsHalted()
T48CC 088:434.944 - 0.551ms returns FALSE
T48CC 088:434.992 JLINK_IsHalted()
T48CC 088:435.480 - 0.493ms returns FALSE
T48CC 088:543.208 JLINK_IsHalted()
T48CC 088:543.656 - 0.447ms returns FALSE
T48CC 088:543.688 JLINK_IsHalted()
T48CC 088:544.048 - 0.363ms returns FALSE
T48CC 088:653.216 JLINK_IsHalted()
T48CC 088:653.776 - 0.556ms returns FALSE
T48CC 088:653.816 JLINK_IsHalted()
T48CC 088:654.248 - 0.429ms returns FALSE
T48CC 088:762.280 JLINK_IsHalted()
T48CC 088:762.728 - 0.447ms returns FALSE
T48CC 088:762.760 JLINK_IsHalted()
T48CC 088:763.144 - 0.382ms returns FALSE
T48CC 088:871.376 JLINK_IsHalted()
T48CC 088:871.816 - 0.435ms returns FALSE
T48CC 088:871.872 JLINK_IsHalted()
T48CC 088:872.240 - 0.362ms returns FALSE
T48CC 088:981.712 JLINK_IsHalted()
T48CC 088:982.272 - 0.559ms returns FALSE
T48CC 088:982.312 JLINK_IsHalted()
T48CC 088:982.672 - 0.358ms returns FALSE
T48CC 089:090.608 JLINK_IsHalted()
T48CC 089:091.216 - 0.605ms returns FALSE
T48CC 089:091.264 JLINK_IsHalted()
T48CC 089:091.792 - 0.523ms returns FALSE
T48CC 089:199.816 JLINK_IsHalted()
T48CC 089:200.408 - 0.594ms returns FALSE
T48CC 089:200.480 JLINK_IsHalted()
T48CC 089:200.952 - 0.470ms returns FALSE
T48CC 089:308.760 JLINK_IsHalted()
T48CC 089:309.400 - 0.639ms returns FALSE
T48CC 089:309.472 JLINK_IsHalted()
T48CC 089:310.016 - 0.542ms returns FALSE
T1CB8 089:341.472 JLINK_IsHalted()
T1CB8 089:342.224 - 0.748ms returns FALSE
T1CB8 089:342.288 JLINK_IsHalted()
T1CB8 089:342.856 - 0.556ms returns FALSE
T48CC 089:418.880 JLINK_IsHalted()
T48CC 089:419.568 - 0.692ms returns FALSE
T48CC 089:419.640 JLINK_IsHalted()
T48CC 089:420.248 - 0.610ms returns FALSE
T48CC 089:527.840 JLINK_IsHalted()
T48CC 089:528.360 - 0.521ms returns FALSE
T48CC 089:528.400 JLINK_IsHalted()
T48CC 089:528.904 - 0.497ms returns FALSE
T48CC 089:637.104 JLINK_IsHalted()
T48CC 089:637.648 - 0.538ms returns FALSE
T48CC 089:637.752 JLINK_IsHalted()
T48CC 089:638.288 - 0.537ms returns FALSE
T48CC 089:746.400 JLINK_IsHalted()
T48CC 089:747.088 - 0.689ms returns FALSE
T48CC 089:747.224 JLINK_IsHalted()
T48CC 089:747.808 - 0.576ms returns FALSE
T48CC 089:857.392 JLINK_IsHalted()
T48CC 089:857.920 - 0.529ms returns FALSE
T48CC 089:857.968 JLINK_IsHalted()
T48CC 089:858.480 - 0.514ms returns FALSE
T48CC 089:965.088 JLINK_IsHalted()
T48CC 089:965.704 - 0.617ms returns FALSE
T48CC 089:965.760 JLINK_IsHalted()
T48CC 089:966.344 - 0.581ms returns FALSE
T48CC 090:074.384 JLINK_IsHalted()
T48CC 090:074.976 - 0.586ms returns FALSE
T48CC 090:075.024 JLINK_IsHalted()
T48CC 090:075.592 - 0.560ms returns FALSE
T48CC 090:184.424 JLINK_IsHalted()
T48CC 090:185.008 - 0.577ms returns FALSE
T48CC 090:185.056 JLINK_IsHalted()
T48CC 090:185.560 - 0.507ms returns FALSE
T48CC 090:293.592 JLINK_IsHalted()
T48CC 090:294.200 - 0.607ms returns FALSE
T48CC 090:294.272 JLINK_IsHalted()
T48CC 090:294.928 - 0.652ms returns FALSE
T1CB8 090:344.112 JLINK_IsHalted()
T1CB8 090:344.888 - 0.773ms returns FALSE
T1CB8 090:344.944 JLINK_IsHalted()
T1CB8 090:345.424 - 0.484ms returns FALSE
T48CC 090:402.776 JLINK_IsHalted()
T48CC 090:403.784 - 1.004ms returns FALSE
T48CC 090:403.864 JLINK_IsHalted()
T48CC 090:404.528 - 0.661ms returns FALSE
T48CC 090:512.512 JLINK_IsHalted()
T48CC 090:513.264 - 0.747ms returns FALSE
T48CC 090:513.336 JLINK_IsHalted()
T48CC 090:513.944 - 0.607ms returns FALSE
T48CC 090:621.336 JLINK_IsHalted()
T48CC 090:621.888 - 0.549ms returns FALSE
T48CC 090:621.936 JLINK_IsHalted()
T48CC 090:622.464 - 0.522ms returns FALSE
T48CC 090:732.848 JLINK_IsHalted()
T48CC 090:733.496 - 0.647ms returns FALSE
T48CC 090:733.552 JLINK_IsHalted()
T48CC 090:734.096 - 0.548ms returns FALSE
T48CC 090:840.472 JLINK_IsHalted()
T48CC 090:841.088 - 0.615ms returns FALSE
T48CC 090:841.192 JLINK_IsHalted()
T48CC 090:841.712 - 0.525ms returns FALSE
T48CC 090:950.136 JLINK_IsHalted()
T48CC 090:950.864 - 0.719ms returns FALSE
T48CC 090:950.952 JLINK_IsHalted()
T48CC 090:951.592 - 0.635ms returns FALSE
T48CC 091:059.048 JLINK_IsHalted()
T48CC 091:059.776 - 0.727ms returns FALSE
T48CC 091:059.848 JLINK_IsHalted()
T48CC 091:060.664 - 0.816ms returns FALSE
T48CC 091:168.952 JLINK_IsHalted()
T48CC 091:169.536 - 0.580ms returns FALSE
T48CC 091:169.584 JLINK_IsHalted()
T48CC 091:170.016 - 0.433ms returns FALSE
T48CC 091:277.984 JLINK_IsHalted()
T48CC 091:278.600 - 0.610ms returns FALSE
T48CC 091:278.656 JLINK_IsHalted()
T48CC 091:279.248 - 0.586ms returns FALSE
T1CB8 091:346.520 JLINK_IsHalted()
T1CB8 091:347.160 - 0.637ms returns FALSE
T1CB8 091:347.232 JLINK_IsHalted()
T1CB8 091:347.824 - 0.588ms returns FALSE
T48CC 091:387.328 JLINK_IsHalted()
T48CC 091:388.016 - 0.680ms returns FALSE
T48CC 091:388.080 JLINK_IsHalted()
T48CC 091:388.600 - 0.514ms returns FALSE
T48CC 091:497.104 JLINK_IsHalted()
T48CC 091:497.672 - 0.556ms returns FALSE
T48CC 091:497.760 JLINK_IsHalted()
T48CC 091:498.400 - 0.637ms returns FALSE
T48CC 091:606.032 JLINK_IsHalted()
T48CC 091:606.536 - 0.498ms returns FALSE
T48CC 091:606.576 JLINK_IsHalted()
T48CC 091:607.112 - 0.530ms returns FALSE
T48CC 091:715.080 JLINK_IsHalted()
T48CC 091:715.680 - 0.598ms returns FALSE
T48CC 091:715.784 JLINK_IsHalted()
T48CC 091:716.456 - 0.669ms returns FALSE
T48CC 091:825.744 JLINK_IsHalted()
T48CC 091:826.432 - 0.684ms returns FALSE
T48CC 091:826.512 JLINK_IsHalted()
T48CC 091:827.088 - 0.572ms returns FALSE
T48CC 091:933.960 JLINK_IsHalted()
T48CC 091:934.616 - 0.655ms returns FALSE
T48CC 091:934.704 JLINK_IsHalted()
T48CC 091:935.336 - 0.635ms returns FALSE
T48CC 092:043.696 JLINK_IsHalted()
T48CC 092:044.560 - 0.860ms returns FALSE
T48CC 092:044.624 JLINK_IsHalted()
T48CC 092:045.248 - 0.620ms returns FALSE
T48CC 092:152.696 JLINK_IsHalted()
T48CC 092:153.336 - 0.643ms returns FALSE
T48CC 092:153.392 JLINK_IsHalted()
T48CC 092:153.968 - 0.574ms returns FALSE
T48CC 092:262.800 JLINK_IsHalted()
T48CC 092:263.424 - 0.627ms returns FALSE
T48CC 092:263.568 JLINK_IsHalted()
T48CC 092:264.112 - 0.543ms returns FALSE
T1CB8 092:349.280 JLINK_IsHalted()
T1CB8 092:350.000 - 0.717ms returns FALSE
T1CB8 092:350.064 JLINK_IsHalted()
T1CB8 092:350.688 - 0.616ms returns FALSE
T48CC 092:371.760 JLINK_IsHalted()
T48CC 092:372.504 - 0.747ms returns FALSE
T48CC 092:372.584 JLINK_IsHalted()
T48CC 092:373.280 - 0.694ms returns FALSE
T48CC 092:480.600 JLINK_IsHalted()
T48CC 092:481.216 - 0.611ms returns FALSE
T48CC 092:481.264 JLINK_IsHalted()
T48CC 092:481.776 - 0.518ms returns FALSE
T48CC 092:590.848 JLINK_IsHalted()
T48CC 092:591.424 - 0.578ms returns FALSE
T48CC 092:591.496 JLINK_IsHalted()
T48CC 092:591.984 - 0.489ms returns FALSE
T48CC 092:700.240 JLINK_IsHalted()
T48CC 092:700.816 - 0.571ms returns FALSE
T48CC 092:700.856 JLINK_IsHalted()
T48CC 092:701.376 - 0.517ms returns FALSE
T48CC 092:809.032 JLINK_IsHalted()
T48CC 092:809.552 - 0.523ms returns FALSE
T48CC 092:809.592 JLINK_IsHalted()
T48CC 092:810.096 - 0.505ms returns FALSE
T48CC 092:918.944 JLINK_IsHalted()
T48CC 092:919.432 - 0.485ms returns FALSE
T48CC 092:919.472 JLINK_IsHalted()
T48CC 092:919.912 - 0.436ms returns FALSE
T48CC 093:027.920 JLINK_IsHalted()
T48CC 093:028.424 - 0.501ms returns FALSE
T48CC 093:028.456 JLINK_IsHalted()
T48CC 093:028.912 - 0.447ms returns FALSE
T48CC 093:137.264 JLINK_IsHalted()
T48CC 093:137.960 - 0.697ms returns FALSE
T48CC 093:138.016 JLINK_IsHalted()
T48CC 093:138.608 - 0.596ms returns FALSE
T48CC 093:246.288 JLINK_IsHalted()
T48CC 093:246.928 - 0.633ms returns FALSE
T48CC 093:246.976 JLINK_IsHalted()
T48CC 093:247.536 - 0.554ms returns FALSE
T1CB8 093:352.200 JLINK_IsHalted()
T1CB8 093:352.720 - 0.528ms returns FALSE
T1CB8 093:352.776 JLINK_IsHalted()
T1CB8 093:353.384 - 0.603ms returns FALSE
T48CC 093:356.248 JLINK_IsHalted()
T48CC 093:356.880 - 0.629ms returns FALSE
T48CC 093:356.936 JLINK_IsHalted()
T48CC 093:357.496 - 0.561ms returns FALSE
T48CC 093:465.464 JLINK_IsHalted()
T48CC 093:466.080 - 0.612ms returns FALSE
T48CC 093:466.184 JLINK_IsHalted()
T48CC 093:466.896 - 0.719ms returns FALSE
T48CC 093:575.264 JLINK_IsHalted()
T48CC 093:575.784 - 0.519ms returns FALSE
T48CC 093:575.824 JLINK_IsHalted()
T48CC 093:576.400 - 0.574ms returns FALSE
T48CC 093:685.832 JLINK_IsHalted()
T48CC 093:686.424 - 0.590ms returns FALSE
T48CC 093:686.464 JLINK_IsHalted()
T48CC 093:687.024 - 0.558ms returns FALSE
T48CC 093:793.360 JLINK_IsHalted()
T48CC 093:793.896 - 0.527ms returns FALSE
T48CC 093:793.936 JLINK_IsHalted()
T48CC 093:794.448 - 0.510ms returns FALSE
T48CC 093:902.848 JLINK_IsHalted()
T48CC 093:903.464 - 0.615ms returns FALSE
T48CC 093:903.528 JLINK_IsHalted()
T48CC 093:904.064 - 0.541ms returns FALSE
T48CC 094:012.240 JLINK_IsHalted()
T48CC 094:012.944 - 0.701ms returns FALSE
T48CC 094:013.016 JLINK_IsHalted()
T48CC 094:013.680 - 0.654ms returns FALSE
T48CC 094:121.600 JLINK_IsHalted()
T48CC 094:122.032 - 0.431ms returns FALSE
T48CC 094:122.056 JLINK_IsHalted()
T48CC 094:122.472 - 0.416ms returns FALSE
T48CC 094:230.568 JLINK_IsHalted()
T48CC 094:231.136 - 0.569ms returns FALSE
T48CC 094:231.184 JLINK_IsHalted()
T48CC 094:231.736 - 0.551ms returns FALSE
T48CC 094:340.632 JLINK_IsHalted()
T48CC 094:341.160 - 0.522ms returns FALSE
T48CC 094:341.200 JLINK_IsHalted()
T48CC 094:341.736 - 0.524ms returns FALSE
T1CB8 094:355.160 JLINK_IsHalted()
T1CB8 094:355.624 - 0.461ms returns FALSE
T1CB8 094:355.656 JLINK_IsHalted()
T1CB8 094:356.144 - 0.491ms returns FALSE
T48CC 094:449.472 JLINK_IsHalted()
T48CC 094:449.992 - 0.517ms returns FALSE
T48CC 094:450.032 JLINK_IsHalted()
T48CC 094:450.504 - 0.464ms returns FALSE
T48CC 094:559.712 JLINK_IsHalted()
T48CC 094:560.216 - 0.506ms returns FALSE
T48CC 094:560.264 JLINK_IsHalted()
T48CC 094:560.712 - 0.448ms returns FALSE
T48CC 094:669.040 JLINK_IsHalted()
T48CC 094:669.488 - 0.450ms returns FALSE
T48CC 094:669.536 JLINK_IsHalted()
T48CC 094:669.976 - 0.444ms returns FALSE
T48CC 094:777.680 JLINK_IsHalted()
T48CC 094:778.136 - 0.455ms returns FALSE
T48CC 094:778.160 JLINK_IsHalted()
T48CC 094:778.512 - 0.345ms returns FALSE
T48CC 094:887.448 JLINK_IsHalted()
T48CC 094:888.008 - 0.558ms returns FALSE
T48CC 094:888.048 JLINK_IsHalted()
T48CC 094:888.440 - 0.387ms returns FALSE
T48CC 094:996.416 JLINK_IsHalted()
T48CC 094:996.872 - 0.450ms returns FALSE
T48CC 094:996.904 JLINK_IsHalted()
T48CC 094:997.344 - 0.438ms returns FALSE
T48CC 095:106.208 JLINK_IsHalted()
T48CC 095:106.704 - 0.499ms returns FALSE
T48CC 095:106.760 JLINK_IsHalted()
T48CC 095:107.216 - 0.454ms returns FALSE
T48CC 095:215.304 JLINK_IsHalted()
T48CC 095:215.856 - 0.550ms returns FALSE
T48CC 095:215.896 JLINK_IsHalted()
T48CC 095:216.384 - 0.490ms returns FALSE
T48CC 095:325.536 JLINK_IsHalted()
T48CC 095:326.248 - 0.709ms returns FALSE
T48CC 095:326.304 JLINK_IsHalted()
T48CC 095:326.896 - 0.593ms returns FALSE
T1CB8 095:357.800 JLINK_IsHalted()
T1CB8 095:358.480 - 0.682ms returns FALSE
T1CB8 095:358.544 JLINK_IsHalted()
T1CB8 095:359.048 - 0.493ms returns FALSE
T48CC 095:434.216 JLINK_IsHalted()
T48CC 095:434.880 - 0.659ms returns FALSE
T48CC 095:434.944 JLINK_IsHalted()
T48CC 095:435.568 - 0.616ms returns FALSE
T48CC 095:543.464 JLINK_IsHalted()
T48CC 095:544.056 - 0.594ms returns FALSE
T48CC 095:544.096 JLINK_IsHalted()
T48CC 095:544.624 - 0.528ms returns FALSE
T48CC 095:652.848 JLINK_IsHalted()
T48CC 095:653.544 - 0.692ms returns FALSE
T48CC 095:653.616 JLINK_IsHalted()
T48CC 095:654.216 - 0.590ms returns FALSE
T48CC 095:761.920 JLINK_IsHalted()
T48CC 095:762.608 - 0.686ms returns FALSE
T48CC 095:762.672 JLINK_IsHalted()
T48CC 095:763.248 - 0.574ms returns FALSE
T48CC 095:871.424 JLINK_IsHalted()
T48CC 095:872.016 - 0.588ms returns FALSE
T48CC 095:872.056 JLINK_IsHalted()
T48CC 095:872.520 - 0.459ms returns FALSE
T48CC 095:981.024 JLINK_IsHalted()
T48CC 095:981.808 - 0.784ms returns FALSE
T48CC 095:981.888 JLINK_IsHalted()
T48CC 095:982.544 - 0.650ms returns FALSE
T48CC 096:090.560 JLINK_IsHalted()
T48CC 096:091.264 - 0.706ms returns FALSE
T48CC 096:091.352 JLINK_IsHalted()
T48CC 096:091.984 - 0.622ms returns FALSE
T48CC 096:199.800 JLINK_IsHalted()
T48CC 096:200.408 - 0.610ms returns FALSE
T48CC 096:200.464 JLINK_IsHalted()
T48CC 096:201.024 - 0.557ms returns FALSE
T48CC 096:309.744 JLINK_IsHalted()
T48CC 096:310.416 - 0.673ms returns FALSE
T48CC 096:310.472 JLINK_IsHalted()
T48CC 096:311.040 - 0.564ms returns FALSE
T1CB8 096:360.176 JLINK_IsHalted()
T1CB8 096:360.824 - 0.644ms returns FALSE
T1CB8 096:360.880 JLINK_IsHalted()
T1CB8 096:361.456 - 0.563ms returns FALSE
T48CC 096:418.552 JLINK_IsHalted()
T48CC 096:419.216 - 0.669ms returns FALSE
T48CC 096:419.272 JLINK_IsHalted()
T48CC 096:419.848 - 0.575ms returns FALSE
T48CC 096:527.936 JLINK_IsHalted()
T48CC 096:528.440 - 0.502ms returns FALSE
T48CC 096:528.480 JLINK_IsHalted()
T48CC 096:529.000 - 0.517ms returns FALSE
T48CC 096:637.104 JLINK_IsHalted()
T48CC 096:637.760 - 0.650ms returns FALSE
T48CC 096:637.840 JLINK_IsHalted()
T48CC 096:638.432 - 0.587ms returns FALSE
T48CC 096:747.048 JLINK_IsHalted()
T48CC 096:747.664 - 0.622ms returns FALSE
T48CC 096:747.728 JLINK_IsHalted()
T48CC 096:748.328 - 0.600ms returns FALSE
T48CC 096:855.576 JLINK_IsHalted()
T48CC 096:856.240 - 0.663ms returns FALSE
T48CC 096:856.304 JLINK_IsHalted()
T48CC 096:856.880 - 0.572ms returns FALSE
T48CC 096:965.680 JLINK_IsHalted()
T48CC 096:966.320 - 0.647ms returns FALSE
T48CC 096:966.384 JLINK_IsHalted()
T48CC 096:966.968 - 0.585ms returns FALSE
T48CC 097:074.744 JLINK_IsHalted()
T48CC 097:075.480 - 0.730ms returns FALSE
T48CC 097:075.552 JLINK_IsHalted()
T48CC 097:076.248 - 0.690ms returns FALSE
T48CC 097:185.728 JLINK_IsHalted()
T48CC 097:186.336 - 0.603ms returns FALSE
T48CC 097:186.384 JLINK_IsHalted()
T48CC 097:186.832 - 0.442ms returns FALSE
T48CC 097:293.456 JLINK_IsHalted()
T48CC 097:294.040 - 0.590ms returns FALSE
T48CC 097:294.096 JLINK_IsHalted()
T48CC 097:294.584 - 0.490ms returns FALSE
T1CB8 097:362.824 JLINK_IsHalted()
T1CB8 097:363.400 - 0.574ms returns FALSE
T1CB8 097:363.448 JLINK_IsHalted()
T1CB8 097:363.992 - 0.544ms returns FALSE
T48CC 097:403.072 JLINK_IsHalted()
T48CC 097:403.664 - 0.588ms returns FALSE
T48CC 097:403.728 JLINK_IsHalted()
T48CC 097:404.304 - 0.573ms returns FALSE
T48CC 097:512.584 JLINK_IsHalted()
T48CC 097:513.296 - 0.708ms returns FALSE
T48CC 097:513.360 JLINK_IsHalted()
T48CC 097:514.024 - 0.661ms returns FALSE
T48CC 097:621.648 JLINK_IsHalted()
T48CC 097:622.296 - 0.650ms returns FALSE
T48CC 097:622.400 JLINK_IsHalted()
T48CC 097:622.992 - 0.592ms returns FALSE
T48CC 097:731.744 JLINK_IsHalted()
T48CC 097:732.264 - 0.517ms returns FALSE
T48CC 097:732.312 JLINK_IsHalted()
T48CC 097:732.832 - 0.516ms returns FALSE
T48CC 097:840.304 JLINK_IsHalted()
T48CC 097:840.896 - 0.592ms returns FALSE
T48CC 097:840.952 JLINK_IsHalted()
T48CC 097:841.456 - 0.500ms returns FALSE
T48CC 097:949.552 JLINK_IsHalted()
T48CC 097:950.216 - 0.657ms returns FALSE
T48CC 097:950.264 JLINK_IsHalted()
T48CC 097:950.848 - 0.583ms returns FALSE
T48CC 098:059.080 JLINK_IsHalted()
T48CC 098:059.720 - 0.640ms returns FALSE
T48CC 098:059.792 JLINK_IsHalted()
T48CC 098:060.416 - 0.629ms returns FALSE
T48CC 098:168.368 JLINK_IsHalted()
T48CC 098:168.896 - 0.529ms returns FALSE
T48CC 098:168.944 JLINK_IsHalted()
T48CC 098:169.368 - 0.429ms returns FALSE
T48CC 098:277.624 JLINK_IsHalted()
T48CC 098:278.192 - 0.574ms returns FALSE
T48CC 098:278.240 JLINK_IsHalted()
T48CC 098:278.712 - 0.471ms returns FALSE
T1CB8 098:365.576 JLINK_IsHalted()
T1CB8 098:366.208 - 0.631ms returns FALSE
T1CB8 098:366.256 JLINK_IsHalted()
T1CB8 098:366.768 - 0.513ms returns FALSE
T48CC 098:388.232 JLINK_IsHalted()
T48CC 098:388.784 - 0.553ms returns FALSE
T48CC 098:388.816 JLINK_IsHalted()
T48CC 098:389.288 - 0.465ms returns FALSE
T48CC 098:496.720 JLINK_IsHalted()
T48CC 098:497.312 - 0.591ms returns FALSE
T48CC 098:497.360 JLINK_IsHalted()
T48CC 098:497.888 - 0.533ms returns FALSE
T48CC 098:605.904 JLINK_IsHalted()
T48CC 098:606.600 - 0.687ms returns FALSE
T48CC 098:606.656 JLINK_IsHalted()
T48CC 098:607.216 - 0.560ms returns FALSE
T48CC 098:715.536 JLINK_IsHalted()
T48CC 098:716.048 - 0.510ms returns FALSE
T48CC 098:716.088 JLINK_IsHalted()
T48CC 098:716.592 - 0.498ms returns FALSE
T48CC 098:824.992 JLINK_IsHalted()
T48CC 098:825.552 - 0.556ms returns FALSE
T48CC 098:825.592 JLINK_IsHalted()
T48CC 098:826.104 - 0.510ms returns FALSE
T3600 099:395.336 JLINK_Halt()
T3600 099:398.960 - 3.622ms returns 0x00
T3600 099:398.992 JLINK_ReadReg(XPSR)
T3600 099:399.472   CPU_ReadMem(4 bytes @ 0xE000EE08)
T3600 099:400.080 - 1.084ms returns 0x81000018
T3600 099:406.608 JLINK_Close()
T3600 099:447.056 - 40.443ms
T3600 099:447.088   
T3600 099:447.104   Closed
